customer_id,age,gender,income,city,membership_years,total_purchases,avg_purchase_value,last_purchase_days,satisfaction_score,complaint_count,newsletter_subscribed,preferred_category
C74385,34,여성,32929.0,서울,7.7,55.81,1204.4,3,3.2,1,0,의류
C32030,26,남성,19020.0,대전,1.4,10.27,575.84,11,3.8,1,1,도서
C50376,26,여성,41728.0,대구,2.1,12.56,1795.66,16,3.2,2,1,식품
C95641,25,여성,26787.0,광주,1.4,10.62,1163.56,5,3.2,4,0,전자제품
C99831,40,여성,13611.0,대구,0.9,5.33,587.76,21,2.6,0,1,가구
C87400,34,여성,20123.0,대구,4.2,27.56,328.28,2,5.0,0,0,의류
C88412,41,여성,10550.0,서울,1.2,6.1,116.23,1,4.2,0,0,도서
C28055,23,여성,7027.0,부산,1.7,12.87,346.63,22,4.3,2,1,식품
C97508,27,남성,13705.0,대구,1.6,11.39,663.13,8,4.2,1,1,도서
C35493,27,남성,23419.0,광주,3.7,14.18,762.88,3,3.5,1,0,식품
C84861,64,남성,23453.0,부산,7.5,44.11,1166.14,16,2.8,0,0,전자제품
C46775,36,남성,10875.0,인천,3.3,24.7,443.94,74,3.3,0,1,전자제품
C61057,37,남성,6705.0,서울,1.9,13.23,205.81,38,4.7,1,0,의류
C95909,37,남성,45953.0,부산,4.5,35.16,1175.17,50,4.6,1,0,의류
C46253,56,여성,23101.0,부산,3.1,12.89,778.84,61,3.3,0,1,식품
C96717,18,남성,47947.0,대구,0.2,0.97,1468.72,107,1.5,0,1,식품
C61884,37,여성,46597.0,광주,0.3,1.66,2318.3,43,3.6,0,0,식품
C86497,18,여성,31804.0,대구,0.1,0.42,941.98,28,3.3,1,1,식품
C27705,18,여성,22688.0,광주,1.8,8.95,985.5,13,2.7,3,1,전자제품
C54676,29,여성,18055.0,서울,5.2,29.58,768.15,6,3.9,1,1,의류
C89045,42,여성,31549.0,부산,1.1,4.35,405.6,34,4.5,0,1,의류
C17101,28,여성,20334.0,대전,1.5,6.43,274.11,158,4.6,0,1,가구
C72495,42,남성,16403.0,광주,7.2,26.09,596.94,18,3.9,1,0,의류
C14743,39,여성,7716.0,광주,5.4,35.46,157.13,38,2.4,0,0,의류
C18951,36,여성,21130.0,대구,3.3,15.87,767.04,20,3.5,0,1,도서
C17014,53,남성,38114.0,대구,0.9,3.69,601.63,16,5.0,0,1,도서
C46180,30,남성,41343.0,인천,0.4,2.21,1070.07,15,4.1,0,1,가구
C66977,42,남성,22621.0,광주,0.1,0.33,318.93,21,3.8,1,1,식품
C69534,18,남성,14124.0,서울,0.3,2.29,300.61,13,3.5,2,1,가구
C73209,39,남성,34592.0,부산,1.0,4.47,468.1,41,4.1,0,1,가구
C51908,34,남성,21858.0,부산,2.4,17.84,1067.18,62,1.6,1,1,전자제품
C60918,23,남성,18346.0,부산,0.2,1.1,473.37,64,3.6,0,1,의류
C18219,42,여성,10636.0,광주,0.4,2.9,489.76,7,3.5,1,0,전자제품
C17163,29,남성,63062.0,대구,0.6,2.54,3080.38,67,4.2,2,1,의류
C12470,58,여성,31863.0,서울,3.0,11.63,1477.89,12,3.5,1,1,가구
C26543,18,남성,33628.0,부산,2.9,21.02,948.26,11,2.5,0,1,의류
C29276,40,남성,14308.0,광주,2.4,9.76,588.86,38,3.5,2,1,식품
C46881,38,여성,22923.0,대전,0.9,6.06,370.16,10,3.2,0,0,식품
C88950,34,남성,21147.0,인천,1.4,6.61,291.69,1,2.8,0,1,가구
C17749,31,남성,32567.0,인천,0.3,2.02,1467.99,14,3.1,0,1,도서
C34182,38,남성,43471.0,부산,0.8,6.03,488.82,38,3.6,2,1,식품
C87450,50,남성,10752.0,대구,6.8,53.78,525.7,11,4.5,1,1,가구
C90543,18,남성,12870.0,인천,11.7,56.15,474.71,29,4.2,0,0,전자제품
C31383,28,남성,30420.0,인천,3.1,15.0,814.79,32,4.3,0,1,도서
C88578,25,남성,17085.0,인천,7.5,59.3,267.47,39,3.6,2,1,식품
C35412,24,여성,33105.0,인천,3.1,22.65,1288.75,68,3.9,0,1,가구
C23181,42,남성,18278.0,부산,0.1,0.32,594.48,16,4.4,0,1,가구
C54898,45,여성,11797.0,광주,15.0,88.01,453.54,5,1.6,1,1,전자제품
C69630,50,여성,9139.0,서울,0.3,1.17,244.17,11,3.6,1,0,전자제품
C13405,45,여성,28059.0,서울,3.4,27.1,354.96,16,3.0,0,1,도서
C20862,46,여성,28405.0,대구,0.9,3.33,641.92,37,4.4,1,0,식품
C64679,21,여성,35779.0,광주,1.5,8.7,808.64,1,3.4,1,1,가구
C38688,55,여성,25950.0,대전,3.1,19.61,268.51,11,3.8,0,0,도서
C58017,35,여성,3365.0,서울,1.7,13.07,34.94,45,2.3,1,0,도서
C22939,50,남성,28331.0,대전,0.9,6.51,658.14,33,4.6,0,1,전자제품
C49585,21,남성,10628.0,서울,1.2,5.07,415.61,39,4.0,1,1,가구
C32942,35,남성,8657.0,서울,1.3,7.62,302.66,50,4.2,0,1,의류
C15272,49,여성,8151.0,대구,9.6,74.57,159.44,45,2.8,1,1,전자제품
C54134,38,남성,7785.0,인천,4.8,32.06,265.55,34,2.6,2,1,가구
C34265,28,여성,25324.0,대구,1.8,11.6,909.01,17,4.0,0,1,도서
C58192,53,여성,15282.0,서울,0.7,4.74,472.26,123,3.2,0,1,도서
C38668,23,남성,10306.0,광주,5.0,23.06,317.98,25,4.1,0,1,식품
C91560,37,여성,22282.0,인천,0.5,3.32,552.37,6,1.5,2,1,의류
C79283,45,여성,12671.0,광주,0.7,2.91,189.25,10,2.8,2,1,전자제품
C19297,63,남성,35973.0,광주,1.4,7.2,914.41,35,4.7,1,1,식품
C74005,32,여성,45484.0,광주,6.4,47.68,1083.13,77,4.2,0,0,식품
C68434,34,남성,19756.0,인천,0.4,1.24,665.36,5,3.9,0,1,의류
C74749,32,여성,43855.0,광주,0.4,2.03,1940.6,2,4.7,1,0,전자제품
C11607,40,여성,43818.0,인천,2.0,8.67,1096.11,63,1.9,0,0,전자제품
C69183,45,남성,22978.0,대전,1.0,3.99,882.11,74,2.8,1,0,도서
C96994,51,남성,52403.0,서울,2.5,17.98,2225.72,9,3.5,0,1,전자제품
C66305,47,남성,16142.0,부산,1.8,11.67,298.14,14,4.5,0,0,식품
C37973,32,여성,8286.0,광주,1.7,6.06,381.7,32,4.5,0,1,도서
C33117,47,여성,10125.0,대구,0.4,2.19,129.78,12,3.1,0,1,전자제품
C91986,39,남성,15775.0,대전,0.5,2.67,726.73,62,4.6,0,1,의류
C91071,46,남성,28772.0,대구,5.2,19.31,476.04,3,3.5,0,1,식품
C17645,47,남성,12365.0,부산,6.5,45.49,290.41,1,4.8,0,1,가구
C52238,57,여성,15711.0,인천,0.8,3.87,537.46,7,3.0,0,1,의류
C79694,33,여성,11793.0,부산,0.4,2.72,545.16,10,3.7,0,1,의류
C51773,31,남성,15892.0,대구,0.2,0.79,321.46,3,3.4,0,1,전자제품
C26786,43,남성,43103.0,부산,2.8,12.81,1747.52,2,4.6,0,1,도서
C50693,52,남성,26339.0,서울,3.8,13.21,1011.88,42,3.4,0,1,도서
C36578,38,여성,16506.0,부산,1.4,5.2,270.51,5,3.5,1,0,식품
C56408,52,남성,40548.0,광주,3.4,25.21,1183.13,73,3.6,2,1,전자제품
C79702,46,남성,22311.0,서울,3.7,13.12,652.82,13,3.9,1,0,도서
C94845,35,남성,23549.0,광주,8.2,28.52,522.42,33,4.5,0,0,가구
C25076,44,여성,39003.0,부산,0.2,1.54,1606.8,7,4.0,0,1,전자제품
C29377,32,여성,18559.0,서울,0.6,3.74,872.97,8,3.5,0,1,전자제품
C19278,40,남성,34826.0,서울,0.2,0.7,1346.47,25,3.5,0,1,도서
C74808,25,여성,33606.0,부산,6.1,47.94,1643.94,24,3.8,0,1,의류
C43539,37,남성,20480.0,대전,4.7,17.56,246.14,43,3.4,2,1,전자제품
C21440,49,남성,10959.0,인천,2.6,17.76,125.91,42,3.7,0,0,의류
C36245,47,남성,22167.0,인천,0.3,0.95,1014.24,33,3.8,0,1,식품
C32097,45,남성,38895.0,인천,1.0,6.12,1785.75,17,2.6,0,0,식품
C83703,41,여성,33186.0,서울,1.1,6.31,474.06,66,4.0,1,0,도서
C77092,39,남성,51799.0,인천,2.5,10.1,1258.6,29,3.9,0,1,식품
C11151,22,남성,17237.0,서울,0.9,5.59,748.36,138,4.0,2,0,도서
C31698,35,여성,32521.0,대전,0.2,1.22,492.42,51,3.8,0,0,도서
C27601,40,남성,13318.0,부산,3.9,27.27,275.64,1,2.4,0,1,의류
C36807,24,여성,24362.0,부산,1.1,8.12,907.24,11,3.5,0,0,의류
C55302,18,남성,38281.0,서울,1.8,9.99,1886.33,25,3.6,0,0,식품
C95864,51,남성,34656.0,서울,0.4,2.18,1451.59,38,4.4,0,0,의류
C18039,38,남성,23191.0,대전,4.9,29.93,952.98,23,1.8,1,0,전자제품
C57427,40,남성,19264.0,인천,2.5,16.62,456.68,46,3.8,0,0,가구
C81839,44,여성,13394.0,대전,7.0,33.47,488.26,9,4.2,0,1,전자제품
C68049,26,남성,19675.0,부산,2.1,11.6,285.75,6,3.3,0,0,전자제품
C29053,33,여성,11440.0,부산,8.5,50.37,568.46,1,3.6,1,1,도서
C96298,56,여성,18553.0,광주,6.7,53.21,542.18,25,3.3,0,0,가구
C99147,32,여성,8927.0,인천,2.6,15.44,317.38,35,3.2,0,1,도서
C65413,34,남성,11392.0,부산,8.1,33.38,513.17,11,3.5,0,1,의류
C75958,29,여성,33739.0,광주,1.2,7.13,338.69,28,3.2,0,1,의류
C41275,29,여성,31911.0,서울,1.4,9.94,1564.89,1,4.3,0,1,가구
C36597,51,여성,19064.0,부산,0.1,0.73,464.52,3,3.2,0,1,식품
C87521,18,남성,22751.0,대구,2.7,18.9,536.55,36,3.1,0,0,의류
C78908,32,남성,24330.0,인천,3.8,28.28,384.48,13,5.0,0,1,전자제품
C91619,40,여성,27727.0,광주,4.5,21.03,1229.07,33,4.3,1,1,가구
C65188,58,여성,26282.0,인천,0.5,2.77,1178.32,53,2.0,1,0,가구
C44710,24,남성,11289.0,인천,1.8,12.42,121.92,57,3.2,0,0,의류
C85486,22,여성,6493.0,대구,0.6,2.59,79.4,5,3.7,1,0,의류
C59050,27,여성,13247.0,대전,3.3,16.03,619.08,19,4.1,0,1,도서
C59249,46,여성,20391.0,서울,0.5,3.58,304.13,39,2.6,0,0,도서
C44247,39,남성,35600.0,인천,7.0,47.95,1240.2,44,4.7,0,0,전자제품
C80162,20,여성,24765.0,부산,0.8,6.28,861.48,46,4.2,1,1,가구
C36408,39,여성,28773.0,서울,1.0,7.98,1288.72,7,4.2,0,1,식품
C86313,56,남성,14067.0,부산,5.7,23.96,462.89,6,4.9,0,0,식품
C80683,41,여성,21261.0,서울,1.8,13.5,581.71,26,4.2,0,0,가구
C15443,39,남성,22760.0,서울,0.1,0.35,1114.68,40,4.2,0,1,전자제품
C10079,40,남성,15096.0,광주,2.0,13.1,289.13,11,5.0,0,1,도서
C48345,42,남성,12903.0,부산,0.3,1.23,264.62,3,4.7,0,1,도서
C22901,22,여성,19666.0,부산,12.7,57.17,263.34,37,2.8,1,1,도서
C77759,35,여성,30657.0,서울,2.7,20.88,1502.58,10,4.3,0,0,식품
C52732,35,여성,14010.0,인천,0.9,3.88,535.94,5,2.7,2,0,식품
C89304,32,여성,19849.0,부산,2.5,15.91,208.09,4,4.2,0,1,전자제품
C27507,46,여성,43369.0,대구,0.2,0.78,1655.51,11,3.9,1,1,식품
C91785,30,여성,16989.0,대구,4.8,16.64,444.52,26,2.7,0,1,의류
C45391,33,여성,22107.0,서울,7.8,36.63,1076.65,13,3.7,0,1,식품
C44171,22,여성,20893.0,대전,6.2,37.95,440.75,1,3.1,3,1,도서
C61730,42,남성,20052.0,서울,1.3,5.51,770.23,3,3.5,0,0,전자제품
C17485,49,여성,50728.0,서울,1.2,5.4,1780.42,10,4.1,0,0,가구
C47748,33,여성,25665.0,인천,0.1,0.65,269.02,32,3.8,2,0,가구
C13878,47,남성,10046.0,인천,3.2,11.24,456.18,3,3.5,1,0,전자제품
C11949,36,여성,47297.0,광주,2.3,12.04,737.1,24,4.0,0,0,의류
C95380,18,남성,25271.0,대전,1.8,13.88,923.49,3,4.6,1,1,가구
C30881,37,여성,18274.0,대전,7.1,35.39,749.63,7,4.2,0,0,도서
C61306,35,여성,43249.0,대전,0.6,3.1,1523.97,5,4.0,0,0,가구
C97150,39,남성,14923.0,대전,0.1,0.67,207.2,2,2.1,3,0,가구
C99364,41,남성,51940.0,대전,0.2,1.38,2545.43,33,4.3,0,1,도서
C19958,29,여성,23078.0,서울,0.8,5.48,449.39,18,4.1,0,1,식품
C69185,55,남성,36417.0,서울,0.1,0.8,1278.77,53,4.5,1,1,의류
C18697,37,여성,102104.0,광주,2.1,7.05,4276.84,3,3.5,1,1,도서
C97160,35,여성,24102.0,대구,1.1,8.7,1146.52,4,2.0,1,1,도서
C25493,46,여성,20985.0,대구,0.6,4.65,716.86,10,2.4,0,0,전자제품
C52801,38,여성,12919.0,광주,4.2,30.49,263.06,43,4.1,1,0,의류
C31199,68,여성,20738.0,광주,0.7,3.69,901.39,10,3.0,1,0,식품
C75792,35,여성,13120.0,부산,3.5,25.74,216.86,15,4.1,0,1,도서
C44488,42,남성,20061.0,서울,1.3,5.34,218.49,10,3.6,1,0,식품
C40493,29,남성,93652.0,대전,2.2,15.31,4338.52,2,3.4,1,0,도서
C59002,48,남성,23384.0,부산,8.1,31.8,772.04,84,3.4,1,1,도서
C33731,41,여성,16700.0,인천,0.1,0.71,213.52,23,2.8,1,1,전자제품
C17076,33,남성,19834.0,서울,2.1,12.75,658.27,46,3.8,0,1,가구
C11071,27,여성,17927.0,광주,5.8,20.24,283.26,32,3.0,1,0,의류
C77602,22,남성,37205.0,대구,2.7,20.19,418.76,21,3.5,0,1,전자제품
C51410,43,여성,21055.0,서울,1.0,5.89,308.69,2,3.5,0,1,식품
C64327,21,여성,49239.0,광주,1.5,9.42,2019.01,30,3.3,1,0,도서
C71072,53,여성,18806.0,서울,3.4,15.02,756.5,5,4.5,0,1,도서
C51041,22,여성,19423.0,서울,6.6,48.56,663.74,16,3.4,1,1,의류
C63326,35,여성,14067.0,서울,0.1,0.57,258.45,29,4.6,0,0,전자제품
C48549,27,남성,18184.0,인천,0.2,1.02,719.34,45,5.0,0,0,전자제품
C63096,38,여성,9258.0,대구,1.2,6.81,243.69,34,4.2,1,1,식품
C65578,38,남성,7594.0,서울,0.8,5.21,231.09,33,3.9,1,0,전자제품
C56390,43,여성,30102.0,광주,0.9,5.83,1381.85,4,3.5,2,1,전자제품
C56052,19,여성,9203.0,인천,0.8,3.83,260.58,12,4.5,0,0,가구
C53167,28,여성,26984.0,부산,0.7,3.45,945.91,1,3.6,1,1,의류
C64587,49,남성,17150.0,서울,0.4,2.32,831.26,38,4.3,1,1,전자제품
C71292,45,여성,35234.0,인천,8.2,62.5,988.51,91,4.0,1,1,식품
C85419,18,남성,9305.0,대전,0.5,3.36,301.75,9,3.2,1,0,도서
C52139,42,여성,29707.0,부산,0.7,3.47,991.52,2,4.5,0,0,전자제품
C97753,25,남성,25999.0,대구,0.8,3.75,510.32,19,3.9,0,0,전자제품
C20707,30,남성,26404.0,서울,8.1,45.51,1042.35,58,3.7,0,0,도서
C23140,35,남성,38636.0,서울,4.2,30.87,1509.33,24,3.4,0,0,가구
C21093,56,여성,22814.0,인천,4.7,14.3,423.02,1,3.9,0,1,의류
C92036,25,여성,6477.0,대구,0.3,1.97,68.23,109,4.3,1,0,가구
C82043,21,남성,27572.0,대전,5.4,24.15,1377.43,52,4.2,1,1,식품
C15830,43,여성,25844.0,부산,1.6,6.47,859.66,4,4.1,0,1,전자제품
C40608,37,여성,19491.0,광주,0.9,2.75,336.05,76,4.3,0,1,가구
C57287,52,여성,14460.0,대구,2.6,19.46,308.61,17,4.2,2,1,의류
C43427,33,남성,18390.0,서울,5.2,39.32,638.35,13,3.4,1,0,식품
C94042,52,남성,45662.0,인천,4.5,14.88,707.97,18,2.9,0,1,가구
C38395,38,여성,13906.0,대전,6.6,37.02,159.8,53,4.8,0,1,전자제품
C27970,44,남성,9226.0,인천,7.9,29.73,386.93,32,3.4,0,1,의류
C80218,57,여성,10571.0,부산,0.8,5.43,408.4,1,3.2,0,1,전자제품
C86475,35,여성,21641.0,대구,1.7,10.76,484.41,94,2.1,1,1,전자제품
C84362,50,남성,50789.0,인천,0.1,0.45,626.72,4,4.0,1,0,식품
C33371,30,남성,66332.0,광주,6.3,22.58,1953.53,41,2.5,0,0,의류
C99895,40,여성,30489.0,광주,0.5,3.58,641.72,30,2.6,2,1,도서
C29266,20,여성,13486.0,인천,5.9,37.59,349.44,6,4.3,0,1,전자제품
C29195,31,여성,14221.0,서울,1.2,3.64,298.05,5,4.1,1,1,의류
C37315,25,남성,34130.0,인천,1.4,8.6,580.58,61,3.3,0,0,전자제품
C93804,52,남성,42865.0,대전,0.1,0.71,1092.18,16,3.7,0,1,가구
C85246,58,여성,15979.0,대구,1.2,7.14,776.51,31,3.1,0,1,가구
C51581,33,여성,44901.0,부산,6.6,33.82,927.17,21,3.4,0,0,의류
C55537,28,남성,19638.0,광주,0.1,0.59,460.29,38,4.0,0,0,식품
C89697,22,여성,31481.0,인천,1.6,9.76,729.4,19,3.1,1,0,도서
C85265,41,남성,39055.0,대전,0.1,0.62,1140.86,10,3.3,1,1,가구
C32184,30,남성,10500.0,광주,1.4,10.97,459.27,13,2.6,0,1,식품
C33279,31,여성,27604.0,광주,0.6,2.34,720.05,58,4.7,0,0,도서
C36570,57,여성,44996.0,부산,0.9,5.5,1900.9,18,4.2,0,0,가구
C53030,34,남성,16642.0,광주,6.3,24.82,242.98,7,3.8,2,1,도서
C72245,45,여성,12987.0,대전,1.7,6.88,594.76,81,4.5,1,1,전자제품
C65467,38,남성,28209.0,광주,1.0,6.35,491.18,47,2.8,1,1,의류
C45133,21,남성,23546.0,광주,2.7,20.47,272.38,1,3.5,0,1,가구
C88731,18,남성,18701.0,인천,0.5,1.9,305.47,205,2.3,0,0,가구
C53805,43,여성,22002.0,인천,0.9,7.03,387.9,35,5.0,0,1,전자제품
C53998,58,여성,9555.0,대구,2.4,11.03,289.9,5,3.7,0,0,가구
C27238,41,여성,26963.0,서울,0.8,3.97,754.9,8,4.3,1,1,가구
C91088,45,남성,48840.0,대전,3.4,12.81,1886.93,35,2.8,0,0,가구
C78264,27,남성,15408.0,서울,2.0,12.16,185.48,45,4.6,0,1,가구
C58245,50,남성,14556.0,서울,4.4,26.32,435.34,8,4.4,2,0,가구
C33557,50,남성,24011.0,광주,8.9,46.38,559.43,8,3.8,0,1,식품
C80474,29,여성,91394.0,부산,0.4,2.15,3219.65,11,3.0,0,0,가구
C75667,44,여성,38175.0,부산,1.2,7.34,448.48,27,3.4,1,1,전자제품
C95513,18,여성,21013.0,광주,1.2,7.1,239.49,5,2.0,0,1,가구
C75074,46,남성,22467.0,대전,0.5,2.44,608.63,3,3.8,0,0,도서
C68204,31,남성,40112.0,서울,5.0,37.1,1702.9,34,4.2,1,1,도서
C35575,23,여성,13979.0,대구,4.3,27.25,515.04,45,3.5,1,1,전자제품
C90263,42,남성,29908.0,서울,2.0,8.05,319.07,20,3.6,0,1,식품
C86024,18,여성,12598.0,부산,2.3,10.58,215.92,13,3.9,1,1,전자제품
C30069,42,남성,34977.0,서울,0.2,1.39,666.99,16,4.3,0,1,식품
C34400,24,남성,19016.0,인천,2.4,8.45,511.96,14,2.5,0,1,의류
C34146,21,남성,24351.0,인천,4.7,31.73,814.99,96,3.9,0,1,도서
C16846,38,남성,18408.0,대구,2.6,12.46,343.46,43,5.0,0,0,도서
C50352,35,남성,31237.0,대전,0.9,5.18,790.31,6,2.7,0,0,도서
C33694,55,여성,20184.0,서울,3.3,14.53,673.29,14,3.7,0,1,식품
C31740,22,여성,64795.0,인천,1.3,10.31,1641.74,23,5.0,0,0,전자제품
C59438,54,여성,44776.0,대전,2.4,18.07,704.18,28,4.4,1,1,식품
C40996,24,남성,11474.0,인천,2.0,15.28,340.39,18,3.4,0,0,도서
C73874,49,여성,24239.0,대전,1.4,5.49,556.52,49,3.4,2,1,도서
C69682,51,여성,31811.0,대전,3.8,27.39,1417.74,43,3.5,1,1,도서
C54200,41,남성,17517.0,인천,6.5,36.9,718.63,21,3.2,0,1,도서
C32970,28,남성,40386.0,광주,0.1,0.65,711.24,57,3.7,0,1,의류
C20895,19,여성,38075.0,부산,8.1,33.11,613.21,41,3.6,0,1,도서
C48071,18,여성,21125.0,대전,2.1,13.78,505.04,45,3.6,1,0,식품
C62268,60,여성,35976.0,광주,3.6,27.26,952.9,93,3.2,0,0,도서
C32258,34,여성,6599.0,서울,5.8,25.16,312.01,9,2.5,1,0,가구
C98890,24,여성,43425.0,광주,1.9,7.92,958.17,9,3.2,2,1,의류
C67300,24,남성,34312.0,인천,5.4,19.02,1533.86,65,4.7,1,0,도서
C71915,40,여성,12787.0,광주,0.6,2.6,386.33,44,3.9,0,0,가구
C18444,33,여성,24983.0,부산,0.5,2.84,1134.85,78,3.5,0,1,식품
C85147,18,여성,7997.0,인천,3.2,22.92,304.51,1,4.4,0,1,의류
C86064,48,여성,15037.0,대구,6.1,26.8,576.45,29,3.4,1,0,도서
C76535,42,여성,38094.0,서울,6.7,40.91,1171.46,4,5.0,0,0,식품
C13760,60,여성,21886.0,대구,3.1,16.73,954.5,21,3.8,0,1,가구
C46884,51,남성,21288.0,광주,2.2,9.77,429.53,5,3.8,2,1,의류
C97477,18,남성,22530.0,대전,1.2,6.66,1043.0,4,2.9,1,0,도서
C36022,55,남성,21254.0,광주,11.7,44.93,753.9,1,4.2,0,1,식품
C64504,52,여성,36089.0,대전,1.2,7.44,994.19,29,4.0,0,1,의류
C53130,29,여성,16163.0,대구,4.1,14.67,796.64,13,3.5,1,1,가구
C53881,32,남성,27165.0,대구,2.3,15.31,1208.31,3,3.4,0,1,도서
C72399,42,여성,12428.0,대전,2.8,10.89,508.07,11,2.7,2,1,의류
C46451,25,여성,31906.0,부산,1.5,11.99,668.63,5,3.7,1,1,가구
C61413,35,여성,18757.0,서울,10.0,71.18,918.15,85,4.3,0,0,가구
C72278,50,남성,21580.0,인천,2.5,11.8,857.15,11,3.7,0,0,식품
C39639,44,남성,18378.0,대구,8.3,42.59,628.69,12,4.0,0,1,가구
C44621,29,남성,19578.0,서울,0.1,0.43,917.66,54,3.8,0,1,가구
C23079,50,여성,13328.0,인천,2.6,17.77,219.74,31,3.6,1,1,전자제품
C16895,41,남성,25968.0,광주,3.8,18.63,404.08,37,3.6,0,0,가구
C62142,41,남성,29066.0,인천,4.1,27.78,946.06,30,3.8,0,1,도서
C22552,31,남성,11324.0,대구,7.1,21.95,138.93,87,5.0,0,0,의류
C58821,37,여성,16347.0,부산,0.1,0.37,597.64,6,4.0,0,1,도서
C43630,28,남성,22360.0,부산,0.1,0.48,438.92,135,4.0,1,0,도서
C80063,18,남성,16329.0,서울,1.9,6.73,241.03,53,3.9,1,1,식품
C22247,34,여성,19704.0,광주,0.1,0.6,519.79,26,3.6,0,1,전자제품
C27603,36,남성,49417.0,서울,11.0,35.8,1415.2,32,4.8,0,0,전자제품
C55564,39,여성,13239.0,대전,0.8,5.84,222.67,31,3.3,1,0,도서
C10527,52,여성,6932.0,부산,1.9,12.93,80.84,1,4.6,0,1,의류
C66521,30,남성,16328.0,서울,0.2,0.82,433.71,7,3.2,1,1,전자제품
C78458,33,남성,18693.0,대전,2.2,11.92,754.84,97,3.0,0,0,전자제품
C15849,47,남성,17240.0,광주,1.4,7.36,775.25,22,4.1,0,0,도서
C60314,28,여성,25195.0,인천,0.1,0.66,350.26,14,2.9,0,0,전자제품
C55724,39,남성,13173.0,서울,1.2,6.01,408.19,43,4.2,0,1,식품
C27230,33,남성,12239.0,대전,1.5,4.75,251.34,22,2.8,0,0,도서
C82495,35,남성,15721.0,부산,13.8,60.29,392.79,1,3.5,0,0,전자제품
C52730,47,여성,15884.0,인천,0.7,3.73,751.91,39,2.7,0,1,전자제품
C95203,33,여성,63603.0,서울,2.4,18.89,1531.75,39,5.0,0,1,전자제품
C13323,47,여성,47869.0,부산,13.1,97.02,1178.24,5,2.5,0,0,도서
C10445,18,남성,9559.0,인천,4.7,18.36,175.65,94,3.8,0,1,의류
C92945,20,남성,8393.0,대구,15.0,99.25,406.23,7,4.7,0,1,가구
C19963,18,여성,21102.0,부산,10.4,79.91,596.33,18,4.6,0,1,전자제품
C60511,24,남성,57285.0,대구,2.0,6.09,1879.85,3,3.9,2,0,가구
C25437,60,남성,30732.0,광주,3.6,23.78,864.39,27,3.5,0,1,가구
C26855,37,여성,21667.0,서울,0.4,2.12,435.87,14,4.9,0,0,전자제품
C91947,29,여성,17535.0,대전,1.7,10.88,743.77,13,4.5,0,0,전자제품
C20847,47,여성,37744.0,서울,5.0,30.14,420.42,52,4.0,0,0,가구
C13236,49,남성,24077.0,부산,2.1,16.64,905.53,1,4.0,0,1,의류
C71897,23,남성,52359.0,대구,3.6,16.0,1768.21,47,3.3,1,1,가구
C23487,67,남성,9472.0,대구,4.1,28.42,149.39,25,3.1,0,1,의류
C87384,41,여성,27223.0,인천,0.9,3.76,452.89,128,4.5,1,0,식품
C72423,42,여성,16620.0,서울,6.3,32.62,604.45,26,4.8,0,1,의류
C23155,43,남성,27096.0,서울,1.8,14.18,609.27,1,3.1,0,1,도서
C21255,43,여성,24970.0,부산,0.7,4.78,515.12,1,3.7,0,0,전자제품
C11979,30,여성,28420.0,대구,6.0,27.47,351.45,64,3.7,0,1,식품
C31305,63,남성,35911.0,부산,1.6,9.75,1460.12,55,3.8,0,0,가구
C84543,34,여성,44130.0,부산,4.2,13.64,1999.39,12,3.9,0,1,의류
C45094,49,남성,58446.0,광주,2.4,10.4,2501.12,28,4.6,0,0,식품
C45098,32,여성,22201.0,대구,1.4,9.23,635.87,20,2.9,1,1,도서
C99566,30,남성,16795.0,부산,5.0,29.25,526.66,102,3.1,0,1,의류
C43770,60,여성,11933.0,대구,2.6,13.91,234.97,89,4.8,0,1,가구
C19734,36,남성,27377.0,부산,1.5,9.68,463.06,123,3.4,0,0,가구
C81984,37,여성,33438.0,대전,0.3,1.5,1435.16,60,2.8,0,1,의류
C49605,41,여성,11224.0,부산,6.8,21.29,470.66,72,3.4,0,0,도서
C87932,69,여성,39040.0,부산,0.1,0.52,1604.33,7,2.9,2,1,전자제품
C65619,64,여성,20938.0,대전,6.0,45.06,597.45,53,4.4,2,1,전자제품
C37881,53,여성,11756.0,서울,1.3,9.47,524.09,37,4.2,1,0,가구
C73401,72,남성,14413.0,대구,3.1,15.64,678.12,98,4.7,0,0,도서
C41177,26,남성,13744.0,인천,7.7,23.96,317.95,25,4.5,0,1,가구
C50122,45,남성,13867.0,대전,0.5,3.09,263.3,2,4.3,1,1,전자제품
C45297,38,여성,29289.0,서울,2.5,16.76,836.8,27,3.2,0,0,가구
C46680,18,남성,33925.0,부산,4.3,19.23,582.6,34,3.6,0,0,의류
C93452,43,여성,51512.0,광주,4.3,23.15,2336.59,7,2.7,1,0,의류
C61044,32,여성,15536.0,서울,2.2,17.51,365.4,15,2.7,3,1,도서
C54084,56,남성,26147.0,대전,2.9,17.06,864.08,27,4.3,0,1,전자제품
C44189,33,남성,15938.0,광주,4.3,20.45,538.53,14,3.9,0,1,도서
C23510,32,여성,22249.0,부산,5.5,33.76,680.81,14,4.8,0,1,도서
C32152,56,여성,10507.0,서울,4.3,16.77,170.85,4,2.9,0,1,전자제품
C94738,37,남성,12562.0,인천,1.3,5.2,623.58,84,3.9,1,1,식품
C36445,51,남성,32910.0,대구,15.0,114.37,556.31,41,2.2,2,0,식품
C86688,43,여성,10491.0,대구,1.7,7.13,420.27,1,3.3,2,1,가구
C81153,43,여성,29954.0,대전,0.1,0.46,1247.72,43,4.4,0,0,식품
C11195,35,남성,15708.0,부산,1.4,8.01,248.29,40,3.6,0,0,의류
C69949,44,여성,8410.0,부산,0.4,3.0,398.02,1,4.2,0,1,도서
C35433,36,여성,6190.0,대구,0.4,2.76,182.67,13,2.7,1,0,가구
C15305,28,남성,45786.0,서울,1.0,3.22,1609.62,27,2.2,1,1,도서
C68860,36,남성,8495.0,부산,0.2,1.29,303.16,18,4.2,0,1,전자제품
C83613,53,여성,21329.0,인천,3.5,19.32,644.1,45,5.0,0,1,식품
C58648,44,여성,26291.0,인천,0.2,1.08,412.27,16,3.0,0,0,전자제품
C73090,47,남성,11423.0,부산,0.7,4.52,457.72,5,4.8,0,0,가구
C52113,38,여성,16701.0,부산,0.3,1.19,555.67,112,3.8,0,0,의류
C52642,18,남성,27985.0,대구,0.2,1.58,412.7,8,2.4,1,1,식품
C43062,23,여성,25506.0,대전,0.9,5.6,969.56,37,2.9,0,1,전자제품
C81633,34,남성,17496.0,대구,2.5,12.07,666.78,4,3.8,0,1,식품
C51604,24,여성,24796.0,대전,10.0,60.01,791.97,11,3.5,0,1,도서
C16678,31,여성,20929.0,인천,6.3,25.72,285.09,17,2.7,0,1,의류
C42121,31,여성,13559.0,대전,6.3,38.87,326.85,6,2.1,1,1,식품
C58503,31,남성,40145.0,대구,0.6,1.88,483.22,17,2.8,1,1,의류
C96940,55,남성,24433.0,부산,0.9,4.24,711.09,5,3.7,1,0,도서
C81279,37,남성,8769.0,대전,0.2,1.35,405.64,24,3.5,1,1,도서
C26494,49,여성,28591.0,대구,4.5,31.68,288.49,32,3.4,0,1,전자제품
C54185,39,여성,16192.0,인천,0.2,0.85,334.62,1,4.0,0,0,가구
C19678,54,남성,19059.0,광주,2.4,13.67,800.37,61,4.6,0,0,전자제품
C47632,50,남성,22117.0,대전,0.9,5.08,229.89,6,3.8,1,0,의류
C56235,30,여성,14817.0,인천,0.8,4.09,154.2,7,3.7,0,1,전자제품
C11648,61,여성,54259.0,인천,14.0,57.99,1868.29,32,4.2,1,0,식품
C91213,32,여성,10439.0,서울,4.2,27.37,433.93,18,3.0,0,1,전자제품
C98301,40,여성,22660.0,광주,5.4,23.01,930.42,20,3.0,2,1,가구
C77917,42,남성,26654.0,대전,2.5,18.89,1097.69,4,3.6,0,1,가구
C26489,43,남성,22485.0,대구,6.1,34.42,549.54,49,2.8,0,0,의류
C87281,47,여성,20020.0,대전,3.1,22.79,907.09,28,2.9,2,0,도서
C15818,28,여성,18242.0,대전,8.8,39.19,191.79,4,1.8,1,0,가구
C43149,46,여성,14741.0,광주,1.0,7.04,331.49,14,5.0,0,0,의류
C37312,44,남성,14611.0,인천,2.7,9.63,343.18,49,2.8,1,1,가구
C47124,38,남성,39311.0,인천,3.5,23.92,653.46,25,5.0,0,0,가구
C11316,35,여성,17661.0,인천,1.5,7.4,414.13,3,3.5,1,1,도서
C80990,28,여성,63965.0,인천,6.4,34.24,2138.69,13,4.3,0,0,식품
C70046,43,여성,30775.0,광주,11.7,44.86,948.21,8,2.8,2,1,의류
C88643,30,여성,5803.0,대구,2.0,6.19,132.18,21,4.0,0,1,가구
C79610,40,여성,34256.0,부산,1.5,9.5,1369.32,55,4.3,0,1,가구
C96724,36,여성,21449.0,서울,1.9,11.28,827.75,17,4.0,1,1,전자제품
C74042,21,남성,10993.0,인천,5.7,34.84,233.36,17,4.4,0,0,식품
C33102,26,남성,42282.0,인천,3.1,13.25,969.49,70,3.5,0,1,도서
C41957,42,남성,17713.0,서울,0.1,0.42,380.84,25,3.4,0,1,의류
C22872,31,여성,16976.0,인천,2.3,16.45,257.26,25,2.5,0,1,가구
C60094,31,여성,26572.0,부산,0.1,0.68,1065.84,9,3.6,2,1,의류
C57719,28,여성,39004.0,대전,4.5,21.08,462.24,28,4.1,2,1,도서
C83885,29,남성,23312.0,서울,1.2,7.43,373.53,25,5.0,0,1,식품
C29693,57,여성,22492.0,대구,1.9,13.57,319.66,15,4.0,0,1,전자제품
C60478,24,남성,15546.0,서울,4.8,35.73,668.69,140,3.2,0,1,식품
C53677,55,여성,38672.0,부산,0.1,0.3,454.8,64,2.4,0,0,전자제품
C70012,34,여성,23424.0,광주,0.5,3.53,856.97,41,4.6,0,1,의류
C20760,30,여성,19678.0,대구,1.5,7.13,231.79,23,2.4,0,1,식품
C21584,42,남성,18495.0,대전,0.8,5.27,766.76,18,3.5,0,1,식품
C12106,38,남성,36806.0,인천,1.2,5.83,1711.79,6,3.6,0,1,식품
C23669,35,남성,19319.0,서울,15.0,90.47,569.4,10,3.7,0,0,도서
C35223,40,여성,36853.0,대구,5.2,32.42,1554.52,44,3.8,0,1,의류
C70666,38,남성,17400.0,서울,6.5,32.66,665.66,18,3.6,1,1,전자제품
C45706,35,여성,31608.0,대전,8.3,46.18,1322.02,64,1.3,2,1,식품
C78019,49,여성,24430.0,서울,1.3,8.62,993.59,4,3.2,2,0,의류
C71585,20,남성,13693.0,대구,1.1,5.92,249.41,21,1.4,2,1,도서
C37482,27,남성,21089.0,부산,0.8,2.46,632.3,31,4.4,0,1,도서
C70369,28,여성,7367.0,광주,5.3,16.24,356.68,21,3.4,0,1,의류
C44143,25,여성,15184.0,대구,3.4,21.44,360.49,66,1.8,1,1,전자제품
C34240,39,여성,10008.0,서울,0.8,5.79,488.59,136,2.8,1,1,의류
C20015,44,여성,59799.0,대전,1.4,9.7,1992.89,3,3.3,0,1,의류
C92164,18,남성,10067.0,인천,2.1,9.56,286.55,4,4.8,0,1,가구
C73023,32,남성,80249.0,인천,2.3,12.32,2913.87,4,4.0,0,0,도서
C61500,34,남성,28485.0,대전,6.6,27.53,1214.42,34,4.1,0,0,전자제품
C73925,34,여성,16993.0,서울,1.4,11.12,437.88,13,4.7,0,0,가구
C90596,22,여성,32964.0,광주,7.2,30.98,373.09,39,3.7,0,1,의류
C59631,34,여성,15958.0,대전,1.7,8.64,612.03,15,4.4,0,1,도서
C86190,27,남성,10886.0,서울,4.1,26.26,525.21,29,4.3,0,1,가구
C73652,33,여성,22915.0,대구,8.0,59.04,802.01,44,2.2,2,1,가구
C61087,18,여성,31258.0,광주,7.1,23.13,548.16,23,5.0,0,1,전자제품
C89789,34,남성,41740.0,부산,0.2,0.9,831.87,23,2.7,0,1,의류
C64909,29,남성,28250.0,서울,0.7,4.09,1310.52,2,4.5,0,0,전자제품
C21565,34,여성,16904.0,인천,1.9,11.57,178.21,15,2.0,2,1,가구
C37597,41,남성,44053.0,인천,1.7,5.7,1407.49,23,4.0,1,0,가구
C75623,37,여성,39399.0,광주,3.1,19.59,644.06,18,5.0,0,0,전자제품
C19432,47,남성,25198.0,부산,8.7,49.07,536.98,69,3.3,1,0,가구
C84300,33,여성,40352.0,서울,0.4,2.86,899.01,71,3.6,0,0,식품
C75714,45,남성,65671.0,부산,1.8,7.4,1232.73,51,4.0,1,0,도서
C59314,51,남성,16784.0,대구,0.6,2.39,699.79,14,3.2,1,1,의류
C51965,41,남성,14047.0,부산,6.7,46.68,327.13,37,5.0,0,0,도서
C94268,37,남성,16542.0,대구,10.0,65.19,394.02,15,4.0,0,1,의류
C77957,42,여성,11217.0,인천,2.0,13.92,315.43,7,3.5,0,0,가구
C53715,41,여성,29602.0,대구,0.3,2.07,1364.41,12,3.4,0,0,전자제품
C63450,50,남성,9848.0,서울,4.6,16.19,369.57,2,3.1,0,1,전자제품
C96062,47,여성,41461.0,광주,3.6,15.81,517.02,12,3.3,0,1,가구
C71902,47,남성,15739.0,광주,1.3,5.59,182.11,18,3.5,0,1,의류
C38317,38,남성,43449.0,서울,6.6,50.64,1418.85,93,3.4,0,1,가구
C76753,42,여성,6133.0,서울,11.2,60.9,278.94,11,2.7,2,1,의류
C45242,41,여성,18168.0,서울,2.4,8.53,416.59,69,5.0,0,1,가구
C10929,23,여성,11539.0,대전,2.5,11.12,229.75,7,3.0,0,1,가구
C23580,50,여성,43333.0,대구,1.1,8.1,1730.18,6,3.6,1,1,가구
C30742,18,여성,50997.0,서울,2.6,18.81,1738.16,21,4.3,0,0,전자제품
C27833,46,여성,6822.0,광주,1.7,12.75,222.4,33,4.0,1,1,의류
C81347,41,여성,33960.0,부산,1.1,5.44,542.41,1,3.8,0,0,가구
C84155,34,남성,37584.0,부산,0.2,1.24,640.37,7,3.0,2,1,도서
C99791,42,여성,25922.0,대전,0.9,3.95,551.4,18,4.2,0,1,도서
C23527,43,남성,29557.0,대구,0.7,2.73,540.11,12,4.0,0,0,전자제품
C68139,22,여성,28510.0,대구,2.3,7.15,1392.94,37,3.3,1,0,식품
C79585,54,여성,34022.0,대구,2.8,11.53,365.55,21,2.6,0,0,전자제품
C51057,38,남성,12756.0,광주,2.8,16.86,447.0,5,3.1,1,1,식품
C77439,65,남성,40145.0,광주,1.5,11.28,1232.61,67,2.3,2,0,전자제품
C54261,47,남성,24457.0,대전,1.6,5.87,560.8,10,3.0,1,0,도서
C80912,38,남성,23734.0,대구,5.4,40.99,1079.98,39,3.5,1,1,가구
C10042,29,여성,29241.0,대구,1.9,8.98,1076.26,45,4.1,0,1,의류
C32769,36,여성,11668.0,서울,13.2,67.77,582.63,99,4.7,1,0,가구
C77113,39,남성,10130.0,대구,1.7,8.2,169.64,20,3.4,0,0,도서
C87918,55,남성,20733.0,광주,3.1,15.63,280.2,28,4.4,0,0,의류
C32449,52,여성,47656.0,서울,0.2,0.86,742.28,12,4.0,0,0,식품
C48653,43,여성,12177.0,서울,3.2,20.78,252.94,34,4.8,0,0,식품
C38859,59,남성,24042.0,대구,5.7,38.71,641.24,18,3.7,2,1,도서
C18576,18,여성,15393.0,부산,8.6,61.19,685.05,17,3.0,0,1,의류
C55874,43,여성,14393.0,인천,15.0,70.6,307.2,58,2.4,0,1,가구
C87199,53,남성,28293.0,광주,1.0,6.82,1318.73,1,4.0,0,1,도서
C46345,44,남성,32199.0,부산,2.6,16.09,918.2,64,3.4,0,0,식품
C80780,22,남성,14857.0,대구,1.8,14.02,533.11,57,3.0,0,0,도서
C79428,54,남성,44074.0,대구,2.5,12.81,906.88,21,2.8,0,1,가구
C14321,47,여성,27208.0,부산,0.5,3.98,441.87,20,3.6,1,0,전자제품
C15776,42,남성,19519.0,대구,5.8,38.87,874.03,13,5.0,0,1,전자제품
C26119,39,여성,26206.0,광주,7.2,49.55,376.85,154,3.5,0,1,가구
C40569,61,여성,60972.0,서울,1.8,5.63,2497.47,3,3.4,3,1,의류
C48596,43,여성,32105.0,대전,1.0,5.49,1067.15,26,3.7,0,0,도서
C62967,35,여성,15532.0,대구,0.5,2.82,690.33,34,2.8,0,0,가구
C43063,28,남성,21821.0,대구,3.5,11.21,844.75,81,4.4,0,1,전자제품
C32340,47,여성,23521.0,부산,1.1,5.02,500.21,45,2.3,2,1,식품
C85723,49,남성,30720.0,서울,7.2,56.0,1013.06,30,3.8,0,0,가구
C65430,38,여성,24829.0,부산,3.3,16.93,261.27,3,3.2,1,1,가구
C16668,31,남성,56821.0,광주,3.1,12.19,1648.31,14,4.2,1,0,가구
C90880,53,여성,19666.0,부산,2.5,13.92,264.32,4,3.0,0,0,전자제품
C18195,27,여성,9275.0,대구,0.1,0.32,251.89,63,3.8,1,1,전자제품
C92097,61,남성,24520.0,서울,8.1,45.2,352.71,41,2.5,2,1,가구
C67995,29,남성,17667.0,광주,3.0,17.91,851.89,42,3.4,0,1,가구
C97834,22,남성,10384.0,대구,15.0,71.83,321.1,31,1.0,0,1,의류
C48250,24,남성,15494.0,광주,2.3,15.67,720.92,21,5.0,0,0,식품
C26076,24,여성,18413.0,대구,3.7,13.61,200.6,4,4.2,0,1,도서
C25376,35,여성,38945.0,대구,0.2,1.48,1382.79,12,2.9,1,0,도서
C65839,32,여성,10492.0,대구,3.0,23.33,233.74,4,2.6,1,1,도서
C74723,50,여성,26236.0,대전,4.3,12.93,715.54,38,3.4,0,1,전자제품
C53442,48,여성,66852.0,인천,4.5,32.46,3003.23,5,4.1,1,0,전자제품
C15392,35,남성,20182.0,서울,4.4,24.33,992.97,36,2.0,1,1,의류
C37106,75,남성,19888.0,대전,0.8,4.25,394.97,35,3.4,1,1,전자제품
C89845,35,여성,31568.0,인천,11.1,46.55,1513.06,18,4.7,1,1,가구
C34809,36,남성,28598.0,광주,15.0,78.55,1073.83,4,2.9,0,1,식품
C10693,22,여성,44747.0,인천,0.2,1.55,2150.39,11,3.3,2,0,식품
C69821,37,여성,20261.0,인천,8.3,33.65,658.37,11,5.0,0,0,식품
C84159,41,남성,31291.0,대전,1.0,3.9,1515.43,36,4.3,0,0,식품
C84710,23,여성,31541.0,서울,3.5,14.73,1441.37,3,3.9,0,0,도서
C21352,32,남성,18624.0,부산,1.2,6.91,282.04,52,3.9,1,1,도서
C62196,41,여성,20806.0,인천,10.3,78.81,466.71,42,3.5,0,1,가구
C81066,31,남성,21903.0,부산,0.3,1.76,431.98,6,4.5,1,1,의류
C14992,29,여성,11863.0,부산,2.1,8.86,390.1,38,2.9,2,1,전자제품
C63076,47,여성,18136.0,대구,1.7,8.84,763.74,33,1.9,1,1,전자제품
C33354,22,남성,46541.0,부산,1.2,5.94,1879.16,41,3.5,0,0,도서
C13312,24,여성,37007.0,광주,3.1,10.02,1445.86,6,3.0,0,1,식품
C55833,40,여성,16482.0,광주,0.4,2.22,412.22,5,3.6,0,1,가구
C14318,48,남성,21854.0,대구,3.8,13.79,340.6,8,3.6,0,1,의류
C76003,41,남성,35800.0,서울,11.8,85.09,659.56,13,4.8,0,0,도서
C37192,35,남성,27493.0,서울,4.9,28.15,1090.57,47,3.5,3,1,가구
C99199,34,여성,32858.0,광주,5.9,42.62,522.49,40,4.0,0,0,가구
C47489,50,남성,28769.0,대구,1.3,10.11,544.25,77,3.8,0,1,도서
C50309,48,남성,24531.0,서울,1.2,9.26,661.9,1,3.0,0,1,가구
C38273,38,남성,20273.0,인천,2.2,7.7,261.21,1,2.1,0,0,식품
C57553,34,여성,12118.0,서울,0.1,0.77,224.28,36,3.6,1,1,가구
C39473,38,남성,31136.0,대구,8.7,60.72,497.89,9,4.4,0,1,의류
C71410,29,여성,19715.0,광주,0.5,3.44,947.36,12,3.7,0,1,가구
C23679,36,여성,9663.0,인천,7.0,24.15,170.66,23,3.4,0,1,전자제품
C55310,32,남성,16767.0,부산,0.3,1.17,745.64,3,4.2,0,0,가구
C93406,36,여성,33730.0,부산,5.2,40.95,492.19,30,3.7,0,1,도서
C70683,32,여성,8450.0,부산,0.5,2.03,378.45,11,4.7,1,1,전자제품
C35992,44,여성,13164.0,광주,0.1,0.38,447.28,30,4.5,1,0,도서
