date,category,region,product_id,sales,quantity,customer_age,customer_gender,promotion,satisfaction
2020-01-01,가구,광주,P4998,4284.72,11,40,여성,0,5.0
2020-01-02,도서,대전,P3403,1834.01,2,22,남성,0,3.3
2020-01-03,식품,광주,P9780,1091.17,8,54,남성,1,3.1
2020-01-04,도서,광주,P1294,1918.41,3,30,여성,0,4.2
2020-01-05,도서,울산,P6343,2547.83,7,47,남성,1,4.3
2020-01-06,의류,수원,P2136,4581.57,7,36,남성,1,5.0
2020-01-07,식품,인천,P3064,1191.84,10,38,남성,1,4.1
2020-01-08,식품,광주,P8009,877.26,12,44,여성,0,4.2
2020-01-09,식품,대구,P5543,2904.97,5,43,남성,1,3.9
2020-01-10,도서,광주,P2007,6452.39,8,31,남성,0,2.7
2020-01-11,가구,광주,P6445,2824.78,8,40,남성,0,3.8
2020-01-12,식품,광주,P6352,721.19,4,39,여성,0,4.1
2020-01-13,스포츠,울산,P2435,6435.12,8,37,남성,0,3.6
2020-01-14,도서,수원,P1571,1196.42,6,32,남성,1,2.4
2020-01-15,의류,울산,P3382,28254.79,3,37,여성,1,2.9
2020-01-16,가구,서울,P6084,11809.37,10,54,남성,0,4.0
2020-01-17,스포츠,울산,P1277,2822.22,7,32,여성,0,4.9
2020-01-18,스포츠,대구,P8059,11504.5,4,47,여성,0,5.0
2020-01-19,의류,대구,P2887,6252.36,7,28,여성,0,3.8
2020-01-20,가구,울산,P2265,12970.35,4,26,여성,1,3.3
2020-01-21,도서,수원,P8491,9756.19,3,67,여성,0,3.6
2020-01-22,전자제품,대전,P2040,22798.14,9,40,여성,1,3.0
2020-01-23,가구,인천,P9073,7132.5,5,40,남성,0,4.8
2020-01-24,의류,수원,P3752,686.0,6,40,여성,0,5.0
2020-01-25,스포츠,울산,P9213,5495.19,5,49,남성,0,3.3
2020-01-26,도서,광주,P5569,6002.08,4,39,남성,0,2.8
2020-01-27,가구,부산,P7353,8933.91,5,43,여성,0,5.0
2020-01-28,전자제품,인천,P3353,1741.74,4,24,남성,1,4.3
2020-01-29,전자제품,인천,P8437,9970.61,12,44,남성,1,4.3
2020-01-30,식품,대구,P5799,2665.27,7,32,남성,0,5.0
2020-01-31,식품,인천,P1686,1709.88,6,41,여성,0,2.6
2020-02-01,의류,울산,P9476,2144.95,6,17,남성,0,2.6
2020-02-02,가구,광주,P5811,5662.05,6,41,남성,0,3.8
2020-02-03,가구,광주,P9954,6627.6,4,15,여성,0,4.1
2020-02-04,스포츠,서울,P6346,3443.96,7,32,남성,0,3.6
2020-02-05,스포츠,광주,P6043,880.26,5,17,남성,1,5.0
2020-02-06,스포츠,수원,P3428,14418.42,6,41,남성,1,3.7
2020-02-07,식품,광주,P6126,3552.28,4,35,여성,1,3.4
2020-02-08,가구,대구,P9220,2219.67,8,27,남성,0,4.1
2020-02-09,가구,광주,P8813,35244.84,4,49,남성,1,5.0
2020-02-10,전자제품,서울,P4356,15315.81,7,26,여성,0,3.3
2020-02-11,식품,부산,P9707,3477.13,8,15,여성,0,3.9
2020-02-12,도서,울산,P8266,1772.5,2,40,여성,1,5.0
2020-02-13,식품,대구,P7540,1175.45,7,17,남성,0,5.0
2020-02-14,도서,수원,P1038,2488.86,5,26,여성,0,4.2
2020-02-15,전자제품,부산,P4342,7801.54,3,29,여성,1,5.0
2020-02-16,의류,대구,P3844,17072.41,3,20,여성,1,5.0
2020-02-17,가구,대전,P2098,3376.64,6,30,남성,1,2.6
2020-02-18,전자제품,인천,P8027,11580.4,6,20,여성,0,2.3
2020-02-19,가구,대전,P2823,17585.32,4,36,여성,0,4.8
2020-02-20,스포츠,광주,P4155,4180.12,6,22,여성,1,5.0
2020-02-21,의류,부산,P4093,11376.45,12,35,여성,0,3.8
2020-02-22,의류,광주,P6658,20738.6,3,46,여성,0,3.5
2020-02-23,전자제품,인천,P4778,48169.3,7,42,남성,0,3.2
2020-02-24,의류,대구,P3896,758.9,6,34,남성,0,2.8
2020-02-25,도서,인천,P1988,1992.62,4,25,여성,0,5.0
2020-02-26,의류,서울,P5116,14773.5,5,36,여성,0,3.6
2020-02-27,가구,인천,P7446,2836.13,11,28,여성,0,4.3
2020-02-28,가구,서울,P5179,21859.86,2,37,남성,0,2.2
2020-02-29,가구,인천,P2682,20703.57,9,17,남성,0,5.0
2020-03-01,가구,울산,P6626,3166.15,4,43,남성,0,4.6
2020-03-02,도서,서울,P8424,4090.99,6,35,남성,1,2.7
2020-03-03,식품,부산,P1933,1402.27,5,57,여성,0,4.3
2020-03-04,스포츠,광주,P4598,13660.62,12,48,여성,0,4.0
2020-03-05,전자제품,수원,P2980,6791.63,4,40,여성,1,3.5
2020-03-06,가구,광주,P4056,12463.9,5,33,여성,0,1.1
2020-03-07,의류,대전,P9984,976.43,4,27,남성,0,3.3
2020-03-08,가구,광주,P1791,1103.64,4,44,여성,0,4.3
2020-03-09,의류,대구,P6390,6200.82,9,32,남성,1,3.5
2020-03-10,스포츠,울산,P7635,21616.82,2,46,남성,1,3.8
2020-03-11,스포츠,인천,P3255,9272.95,6,39,여성,1,5.0
2020-03-12,스포츠,대전,P4610,6766.36,8,39,남성,1,3.9
2020-03-13,의류,대구,P2607,4487.93,4,40,남성,0,1.9
2020-03-14,가구,대구,P6179,4223.46,8,25,여성,0,3.8
2020-03-15,스포츠,서울,P7573,5795.01,6,24,남성,0,4.1
2020-03-16,도서,광주,P1984,2760.19,8,24,남성,0,3.2
2020-03-17,의류,부산,P6776,3518.42,6,45,여성,1,4.7
2020-03-18,의류,수원,P4676,11527.99,8,25,남성,0,2.5
2020-03-19,가구,부산,P4380,13253.0,6,26,남성,0,3.9
2020-03-20,의류,대전,P9711,7485.3,5,40,여성,1,2.5
2020-03-21,의류,울산,P9782,13269.1,6,32,남성,0,3.7
2020-03-22,스포츠,부산,P2050,4299.36,12,31,여성,0,4.7
2020-03-23,가구,인천,P4633,21131.89,8,30,남성,0,3.8
2020-03-24,스포츠,부산,P7342,4953.67,7,15,남성,0,3.8
2020-03-25,스포츠,대전,P1959,10244.5,4,25,여성,0,4.0
2020-03-26,가구,수원,P7059,5740.18,1,46,여성,0,4.1
2020-03-27,전자제품,부산,P9884,7344.15,11,29,남성,0,4.7
2020-03-28,스포츠,인천,P6655,8009.75,6,15,여성,1,4.7
2020-03-29,도서,서울,P5473,277.41,6,24,남성,1,5.0
2020-03-30,도서,울산,P3946,1359.39,4,38,여성,0,4.2
2020-03-31,의류,대전,P8725,1100.61,5,38,남성,0,2.3
2020-04-01,도서,서울,P1526,3987.43,3,32,남성,1,4.9
2020-04-02,의류,서울,P4224,15687.56,3,28,남성,1,5.0
2020-04-03,전자제품,서울,P2875,7713.4,8,20,남성,0,5.0
2020-04-04,가구,대구,P2763,16853.16,4,38,남성,0,5.0
2020-04-05,가구,울산,P9712,26989.49,2,43,여성,1,3.5
2020-04-06,가구,수원,P6797,27080.67,4,47,여성,0,4.2
2020-04-07,도서,광주,P8099,2268.31,8,23,남성,0,3.7
2020-04-08,전자제품,울산,P6109,38145.79,6,48,남성,0,3.6
2020-04-09,도서,대구,P7644,956.09,6,34,여성,0,3.9
2020-04-10,도서,광주,P1116,1988.52,5,35,여성,0,5.0
2020-04-11,전자제품,울산,P3433,11467.88,6,43,여성,0,2.4
2020-04-12,전자제품,서울,P6463,8781.25,6,29,여성,1,3.0
2020-04-13,전자제품,대전,P1583,18956.99,4,15,여성,0,5.0
2020-04-14,전자제품,광주,P9586,25875.55,4,42,남성,0,5.0
2020-04-15,가구,인천,P4788,35095.06,7,38,남성,0,3.3
2020-04-16,식품,인천,P5167,1428.59,7,31,여성,1,5.0
2020-04-17,식품,부산,P9465,2081.26,5,41,여성,0,5.0
2020-04-18,전자제품,광주,P2389,35065.1,10,43,여성,0,3.7
2020-04-19,식품,대전,P9357,16078.29,7,19,여성,0,1.6
2020-04-20,식품,수원,P7154,178.94,6,35,여성,1,2.3
2020-04-21,전자제품,대구,P6420,9153.32,6,15,여성,0,3.3
2020-04-22,식품,서울,P9920,4768.25,5,33,여성,0,4.8
2020-04-23,도서,부산,P3043,1278.86,11,31,여성,0,4.8
2020-04-24,의류,인천,P5197,13218.16,7,39,여성,1,3.5
2020-04-25,의류,대구,P4496,6854.76,3,24,남성,0,3.8
2020-04-26,전자제품,대구,P1778,148890.15,5,30,여성,1,4.0
2020-04-27,가구,서울,P1213,3572.22,4,15,여성,1,3.8
2020-04-28,전자제품,수원,P4762,61428.35,3,40,남성,1,4.2
2020-04-29,가구,수원,P7731,62414.14,6,34,남성,0,4.0
2020-04-30,의류,광주,P4117,1965.13,7,35,남성,1,2.3
2020-05-01,전자제품,인천,P6791,39476.41,6,20,여성,0,3.8
2020-05-02,스포츠,수원,P9783,2745.26,11,38,여성,0,4.0
2020-05-03,도서,대전,P3720,1855.27,6,51,여성,1,5.0
2020-05-04,식품,수원,P9905,834.6,6,33,여성,0,3.2
2020-05-05,가구,대구,P7047,974.64,5,41,남성,0,4.2
2020-05-06,스포츠,서울,P9032,10962.74,5,26,여성,0,4.6
2020-05-07,식품,대전,P1001,1239.99,4,34,여성,0,3.9
2020-05-08,식품,광주,P7368,4708.73,7,19,남성,0,2.2
2020-05-09,전자제품,인천,P2949,32898.51,5,42,여성,1,5.0
2020-05-10,식품,광주,P7732,10572.41,3,36,여성,1,4.7
2020-05-11,도서,대구,P8833,1981.16,10,22,여성,0,4.2
2020-05-12,스포츠,대전,P1917,6396.89,6,26,여성,0,4.0
2020-05-13,식품,대전,P4174,885.35,10,35,남성,1,2.2
2020-05-14,전자제품,대전,P8014,11412.87,6,44,남성,0,4.8
2020-05-15,도서,대구,P1089,194.42,6,49,남성,0,5.0
2020-05-16,의류,대구,P2709,4249.06,2,33,남성,0,2.9
2020-05-17,스포츠,광주,P4041,891.3,6,21,여성,0,5.0
2020-05-18,식품,부산,P1105,1658.42,9,37,여성,0,5.0
2020-05-19,전자제품,광주,P9619,5080.03,7,52,여성,0,2.9
2020-05-20,의류,인천,P2895,2149.36,3,18,남성,0,3.6
2020-05-21,의류,서울,P7090,2686.25,6,25,남성,0,2.6
2020-05-22,가구,대전,P9508,8531.72,6,41,남성,0,3.9
2020-05-23,도서,부산,P7082,1753.86,5,36,여성,1,4.4
2020-05-24,식품,서울,P1634,3085.0,7,29,여성,1,2.7
2020-05-25,전자제품,부산,P2925,9736.33,6,37,남성,0,4.4
2020-05-26,가구,수원,P3056,16786.78,7,44,남성,0,4.6
2020-05-27,도서,수원,P7917,26506.68,6,34,여성,1,4.7
2020-05-28,가구,울산,P4144,15081.21,5,33,여성,0,4.5
2020-05-29,스포츠,수원,P1552,5742.64,8,40,여성,1,2.8
2020-05-30,도서,광주,P9907,787.18,6,32,남성,0,3.9
2020-05-31,도서,수원,P6383,1409.5,8,46,남성,1,4.4
2020-06-01,식품,대구,P4911,422.4,7,55,남성,0,5.0
2020-06-02,도서,대전,P4389,2229.0,5,26,남성,0,4.0
2020-06-03,가구,광주,P9442,11311.35,9,22,여성,1,4.4
2020-06-04,도서,서울,P3430,195.12,5,38,여성,0,3.1
2020-06-05,식품,울산,P1458,996.27,4,22,여성,0,2.8
2020-06-06,식품,울산,P1207,2969.79,6,21,남성,0,2.7
2020-06-07,스포츠,울산,P1899,4517.02,11,15,여성,1,3.6
2020-06-08,가구,서울,P1021,5243.59,7,31,여성,0,5.0
2020-06-09,의류,서울,P9601,1266.8,5,34,여성,0,3.6
2020-06-10,의류,서울,P1894,781.63,4,29,여성,0,4.4
2020-06-11,도서,서울,P1514,3825.7,4,48,여성,0,4.6
2020-06-12,스포츠,울산,P8294,5543.21,6,48,남성,0,2.9
2020-06-13,전자제품,울산,P5904,35862.91,3,54,여성,0,3.6
2020-06-14,도서,부산,P8867,7642.6,7,35,여성,0,4.6
2020-06-15,스포츠,광주,P5109,16564.31,3,46,남성,0,4.4
2020-06-16,가구,대전,P8179,5733.73,6,38,남성,0,2.0
2020-06-17,가구,수원,P2560,11368.62,3,37,여성,0,4.6
2020-06-18,가구,수원,P2266,5303.9,7,30,여성,0,3.4
2020-06-19,가구,대구,P4638,4816.94,4,15,여성,0,3.5
2020-06-20,가구,울산,P9941,13741.67,6,41,여성,1,4.4
2020-06-21,스포츠,대구,P4427,2820.83,3,46,남성,0,5.0
2020-06-22,스포츠,광주,P5780,709.87,7,19,여성,1,3.8
2020-06-23,식품,광주,P2927,397.86,7,34,남성,0,5.0
2020-06-24,의류,대구,P3356,3547.23,8,44,여성,0,2.6
2020-06-25,가구,울산,P5790,44022.42,7,31,여성,0,4.1
2020-06-26,전자제품,대구,P1306,9779.39,7,46,여성,0,3.5
2020-06-27,스포츠,수원,P8979,10632.59,5,33,남성,1,4.3
2020-06-28,전자제품,부산,P4665,13424.04,5,29,여성,1,3.7
2020-06-29,전자제품,수원,P8057,53990.67,8,47,여성,1,2.7
2020-06-30,전자제품,인천,P1661,50226.47,6,25,남성,0,3.1
2020-07-01,식품,울산,P5644,3062.53,6,27,여성,0,2.4
2020-07-02,스포츠,울산,P9503,1108.74,9,26,남성,0,2.7
2020-07-03,전자제품,대전,P3920,19244.59,5,23,여성,1,4.5
2020-07-04,가구,서울,P9946,19997.85,3,36,남성,0,3.7
2020-07-05,도서,인천,P7236,2278.38,4,29,남성,0,4.2
2020-07-06,전자제품,광주,P7078,29314.97,5,39,남성,0,5.0
2020-07-07,식품,울산,P1352,983.56,7,17,여성,0,3.7
2020-07-08,스포츠,대구,P8005,2928.23,10,23,남성,1,4.6
2020-07-09,식품,인천,P1158,168.97,4,35,남성,0,4.0
2020-07-10,전자제품,대전,P1956,8035.48,6,49,여성,0,5.0
2020-07-11,스포츠,광주,P3071,88964.02,4,38,남성,0,1.0
2020-07-12,도서,서울,P9595,937.21,3,29,여성,1,3.3
2020-07-13,전자제품,서울,P4453,2140.38,5,20,여성,0,4.7
2020-07-14,식품,대전,P7675,1890.03,10,28,남성,1,3.2
2020-07-15,의류,대전,P1955,10652.85,5,34,남성,0,4.6
2020-07-16,가구,대구,P7295,32714.89,6,15,여성,1,3.9
2020-07-17,식품,울산,P2712,1441.8,9,22,남성,1,4.9
2020-07-18,스포츠,서울,P5703,13938.3,9,27,남성,0,2.9
2020-07-19,전자제품,광주,P7563,93930.66,6,32,남성,0,4.2
2020-07-20,가구,인천,P6631,4233.62,4,34,남성,0,4.5
2020-07-21,전자제품,광주,P2394,5769.22,10,28,여성,0,4.1
2020-07-22,스포츠,부산,P5732,1978.91,3,40,여성,1,4.1
2020-07-23,전자제품,부산,P4714,11298.93,9,36,남성,0,5.0
2020-07-24,의류,대전,P1529,18485.58,8,31,여성,0,2.3
2020-07-25,가구,대구,P3958,14907.46,7,41,남성,0,4.1
2020-07-26,가구,부산,P8904,14290.3,10,40,남성,0,2.8
2020-07-27,스포츠,서울,P4591,944.81,4,20,남성,1,4.8
2020-07-28,의류,광주,P7895,2178.84,7,34,남성,0,3.2
2020-07-29,식품,광주,P1525,138.63,8,43,여성,1,1.5
2020-07-30,전자제품,대전,P7477,46595.7,8,45,남성,1,4.8
2020-07-31,도서,울산,P1001,7032.27,6,38,여성,0,3.7
2020-08-01,전자제품,울산,P1374,31318.97,6,32,남성,0,4.4
2020-08-02,전자제품,인천,P5648,5339.34,2,39,여성,1,5.0
2020-08-03,식품,대전,P3365,3772.57,8,43,여성,0,4.4
2020-08-04,전자제품,수원,P2525,11058.19,5,36,여성,0,4.2
2020-08-05,의류,인천,P2646,1265.29,8,37,여성,0,4.0
2020-08-06,의류,수원,P1013,1620.43,6,32,남성,0,2.9
2020-08-07,가구,울산,P5599,5514.89,6,21,여성,1,3.8
2020-08-08,스포츠,대전,P3278,5924.6,4,33,남성,0,5.0
2020-08-09,도서,수원,P4155,1196.4,6,28,여성,0,3.6
2020-08-10,전자제품,대전,P9321,3414.52,6,28,여성,1,3.8
2020-08-11,전자제품,대전,P4814,47064.29,5,49,여성,1,5.0
2020-08-12,식품,울산,P4216,720.15,4,44,남성,0,2.5
2020-08-13,스포츠,인천,P9219,2727.1,4,18,여성,1,4.6
2020-08-14,의류,인천,P3113,12644.33,6,24,남성,0,2.4
2020-08-15,도서,대전,P5356,424.23,11,31,남성,1,4.4
2020-08-16,가구,부산,P6543,1626.58,3,28,남성,0,4.0
2020-08-17,의류,대구,P5555,14767.28,6,38,여성,0,4.6
2020-08-18,스포츠,울산,P8062,36479.46,4,22,여성,1,3.0
2020-08-19,가구,대구,P4374,5188.92,5,44,여성,0,3.5
2020-08-20,식품,대구,P7430,784.98,7,34,여성,1,4.7
2020-08-21,식품,인천,P4466,260.56,4,31,여성,0,3.5
2020-08-22,전자제품,인천,P4081,13716.36,5,34,여성,1,4.8
2020-08-23,스포츠,부산,P1629,3384.05,5,30,여성,1,4.2
2020-08-24,도서,대구,P1269,1226.76,6,15,남성,0,3.6
2020-08-25,가구,대구,P6724,12250.77,9,35,여성,1,3.7
2020-08-26,의류,대전,P6897,1354.13,6,31,남성,0,4.0
2020-08-27,스포츠,인천,P4432,3763.46,7,25,남성,1,3.8
2020-08-28,스포츠,대구,P7276,888.33,4,45,여성,0,4.7
2020-08-29,식품,광주,P6895,566.39,5,41,여성,1,3.6
2020-08-30,전자제품,부산,P8115,12241.29,6,59,남성,0,3.4
2020-08-31,전자제품,수원,P7656,16871.18,7,43,남성,0,4.9
2020-09-01,가구,광주,P1575,10214.47,8,28,여성,0,3.6
2020-09-02,식품,광주,P8029,1981.89,6,25,남성,0,3.5
2020-09-03,스포츠,수원,P7099,1145.81,3,30,남성,1,1.5
2020-09-04,도서,울산,P4192,301.74,7,28,남성,0,3.0
2020-09-05,식품,울산,P4178,1356.46,5,36,남성,0,3.2
2020-09-06,가구,부산,P7052,1038.99,3,19,여성,0,3.5
2020-09-07,가구,광주,P3734,9576.27,5,41,여성,0,3.3
2020-09-08,식품,대구,P7116,244.62,3,35,남성,0,5.0
2020-09-09,가구,인천,P4568,38341.21,4,40,남성,1,3.2
2020-09-10,식품,부산,P3203,1020.74,5,23,남성,1,3.3
2020-09-11,의류,대전,P2390,3187.93,8,37,여성,0,4.2
2020-09-12,식품,수원,P2742,2707.13,6,47,여성,0,2.9
2020-09-13,식품,광주,P2925,273.6,6,26,남성,0,5.0
2020-09-14,가구,부산,P1619,3305.82,8,26,남성,0,4.8
2020-09-15,가구,서울,P2274,2240.95,10,42,남성,0,2.8
2020-09-16,전자제품,서울,P1956,5548.2,8,25,여성,1,5.0
2020-09-17,전자제품,울산,P2939,13999.47,7,32,남성,0,5.0
2020-09-18,의류,수원,P4953,6471.07,7,49,남성,1,2.9
2020-09-19,전자제품,인천,P1968,34408.66,10,26,남성,0,2.8
2020-09-20,식품,대구,P1281,127.24,3,50,남성,0,3.4
2020-09-21,가구,인천,P7262,6642.2,4,31,남성,0,2.6
2020-09-22,전자제품,인천,P2058,4339.21,10,23,여성,0,3.2
2020-09-23,전자제품,인천,P5293,10701.16,4,41,여성,0,3.6
2020-09-24,의류,수원,P6178,40677.89,9,36,여성,1,4.5
2020-09-25,스포츠,인천,P7980,7035.62,6,35,남성,0,4.1
2020-09-26,의류,대전,P2229,9688.07,5,27,여성,1,3.9
2020-09-27,식품,수원,P5585,5599.84,10,36,남성,0,3.5
2020-09-28,가구,대전,P9467,24339.8,3,15,여성,0,2.7
2020-09-29,의류,수원,P3740,2519.05,6,37,여성,0,4.6
2020-09-30,전자제품,울산,P3289,3670.01,11,47,남성,0,4.6
2020-10-01,가구,부산,P2239,7655.15,6,17,남성,0,3.4
2020-10-02,가구,서울,P6370,4473.66,5,30,남성,0,2.9
2020-10-03,전자제품,인천,P1125,2865.31,8,26,여성,0,5.0
2020-10-04,의류,울산,P8473,5026.24,4,19,남성,0,4.2
2020-10-05,전자제품,부산,P6342,17187.76,7,15,여성,0,4.4
2020-10-06,스포츠,서울,P8351,30932.1,4,23,여성,0,4.4
2020-10-07,가구,광주,P7638,5512.97,4,32,여성,0,2.8
2020-10-08,도서,대구,P7570,1747.2,5,46,남성,1,5.0
2020-10-09,도서,대전,P4249,679.27,2,19,남성,0,3.6
2020-10-10,식품,광주,P8595,1900.31,3,37,남성,1,4.8
2020-10-11,전자제품,수원,P7294,11688.72,5,37,여성,0,5.0
2020-10-12,전자제품,서울,P7527,4102.95,6,51,여성,1,4.1
2020-10-13,식품,광주,P6757,785.47,9,40,남성,0,2.8
2020-10-14,식품,대구,P2969,1177.86,8,41,여성,1,1.5
2020-10-15,식품,울산,P1891,1030.13,8,41,여성,0,4.0
2020-10-16,가구,서울,P5470,22741.77,3,25,여성,1,4.3
2020-10-17,스포츠,광주,P8175,1253.76,7,29,남성,0,3.4
2020-10-18,전자제품,대전,P9320,5749.93,9,46,여성,0,4.1
2020-10-19,가구,대전,P7812,15216.47,7,15,여성,0,4.4
2020-10-20,식품,부산,P8519,389.18,5,28,남성,0,5.0
2020-10-21,전자제품,광주,P5612,17065.32,5,21,남성,0,3.8
2020-10-22,가구,인천,P2198,717.26,5,37,남성,0,4.0
2020-10-23,스포츠,광주,P6238,81420.63,2,30,남성,0,3.8
2020-10-24,가구,울산,P7089,6179.35,7,41,남성,1,4.0
2020-10-25,스포츠,서울,P7257,17836.83,9,33,남성,0,3.5
2020-10-26,식품,서울,P8705,579.95,8,19,여성,1,3.5
2020-10-27,스포츠,울산,P4719,8214.16,8,20,여성,0,3.5
2020-10-28,전자제품,광주,P1302,60423.7,7,34,여성,0,4.2
2020-10-29,식품,울산,P1986,2621.95,7,27,여성,1,3.2
2020-10-30,전자제품,대구,P5440,11124.87,5,29,남성,1,3.5
2020-10-31,도서,수원,P5909,1194.79,4,44,여성,1,5.0
2020-11-01,의류,울산,P4072,11219.13,7,42,남성,0,4.9
2020-11-02,스포츠,대전,P4124,56670.24,4,52,남성,0,3.0
2020-11-03,의류,울산,P9125,5007.43,11,31,여성,0,4.9
2020-11-04,의류,서울,P4291,29314.19,6,28,여성,0,4.6
2020-11-05,스포츠,대전,P5033,4347.89,7,39,남성,0,3.9
2020-11-06,식품,서울,P6105,2156.33,7,29,남성,1,3.3
2020-11-07,도서,부산,P1703,4182.6,5,29,남성,1,3.2
2020-11-08,전자제품,인천,P9133,9253.04,7,32,남성,0,4.2
2020-11-09,가구,서울,P1574,3973.34,6,51,여성,0,3.2
2020-11-10,전자제품,대전,P6704,44059.17,4,42,남성,1,5.0
2020-11-11,가구,부산,P8848,4955.22,3,43,여성,0,5.0
2020-11-12,전자제품,서울,P6208,5761.44,4,51,남성,0,4.0
2020-11-13,스포츠,대구,P7924,2852.09,3,44,남성,0,5.0
2020-11-14,도서,울산,P4828,829.36,9,23,남성,0,3.6
2020-11-15,가구,인천,P4230,20079.92,8,43,여성,1,3.3
2020-11-16,식품,서울,P1488,1431.08,5,45,남성,0,5.0
2020-11-17,전자제품,부산,P8114,29234.86,4,41,여성,0,5.0
2020-11-18,전자제품,대구,P4173,21846.09,4,33,여성,0,5.0
2020-11-19,가구,광주,P2667,4763.32,7,40,여성,1,4.3
2020-11-20,식품,부산,P5114,1737.26,6,34,남성,1,4.9
2020-11-21,식품,울산,P4553,2831.18,2,25,여성,0,4.3
2020-11-22,스포츠,부산,P8761,10411.66,9,27,여성,0,5.0
2020-11-23,스포츠,대구,P2000,9126.38,10,42,남성,0,4.4
2020-11-24,스포츠,부산,P2388,2711.7,5,25,남성,0,4.8
2020-11-25,스포츠,대구,P6450,7239.81,8,26,여성,0,2.9
2020-11-26,스포츠,서울,P4712,2587.53,4,42,여성,0,3.8
2020-11-27,스포츠,수원,P2367,5755.27,8,36,남성,0,4.8
2020-11-28,도서,대구,P9189,286.73,6,40,여성,0,4.7
2020-11-29,식품,대구,P1454,173.94,7,22,여성,0,4.9
2020-11-30,스포츠,인천,P3772,4917.54,9,40,여성,1,4.1
2020-12-01,식품,대구,P4726,517.67,3,28,남성,0,3.3
2020-12-02,식품,대구,P8232,1000.1,5,24,여성,0,3.9
2020-12-03,의류,광주,P5806,3940.45,10,29,남성,1,4.0
2020-12-04,도서,수원,P3190,1554.22,5,48,남성,0,4.2
2020-12-05,스포츠,서울,P3875,11123.17,5,31,남성,1,3.0
2020-12-06,전자제품,울산,P6592,9552.53,4,57,여성,0,3.7
2020-12-07,가구,인천,P2440,7338.83,5,15,남성,0,3.9
2020-12-08,전자제품,광주,P9927,65487.06,5,19,여성,1,1.8
2020-12-09,도서,대전,P7059,1538.38,7,48,남성,0,4.8
2020-12-10,가구,수원,P8010,7718.3,8,50,여성,1,4.2
2020-12-11,도서,서울,P8117,1676.95,4,26,여성,0,4.3
2020-12-12,식품,서울,P3989,791.12,7,35,여성,0,3.5
2020-12-13,가구,대전,P7228,4588.25,9,42,남성,0,4.6
2020-12-14,식품,울산,P7471,345.04,8,32,여성,0,3.2
2020-12-15,전자제품,대구,P3863,7296.07,4,36,여성,0,3.3
2020-12-16,전자제품,광주,P2177,37604.62,5,35,남성,0,4.6
2020-12-17,가구,부산,P5760,5037.54,7,20,남성,0,4.4
2020-12-18,가구,인천,P1011,8128.26,9,31,여성,0,2.7
2020-12-19,스포츠,부산,P6252,12794.16,4,35,남성,1,5.0
2020-12-20,도서,대전,P5399,1205.64,5,36,남성,0,3.2
2020-12-21,스포츠,서울,P9234,12043.24,4,17,남성,1,3.9
2020-12-22,도서,울산,P6445,343.52,9,42,여성,0,5.0
2020-12-23,스포츠,서울,P7570,5637.88,2,36,남성,0,1.9
2020-12-24,식품,인천,P9212,1048.37,4,24,여성,1,2.3
2020-12-25,가구,서울,P1406,9949.19,8,52,남성,0,4.4
2020-12-26,전자제품,서울,P5431,3113.27,6,31,남성,0,1.5
2020-12-27,도서,인천,P6243,5433.28,10,32,여성,0,2.0
2020-12-28,도서,광주,P7542,696.4,6,41,남성,0,5.0
2020-12-29,전자제품,광주,P7936,22962.48,5,53,남성,0,3.6
2020-12-30,스포츠,인천,P9906,6645.14,6,41,남성,1,5.0
2020-12-31,도서,울산,P5146,4511.89,8,43,남성,0,3.0
2021-01-01,식품,대전,P1140,8873.22,4,24,여성,1,3.7
2021-01-02,가구,수원,P5882,2748.69,7,35,여성,0,4.5
2021-01-03,전자제품,서울,P7012,8729.82,8,29,여성,0,4.5
2021-01-04,가구,울산,P1963,12149.06,5,42,여성,0,3.7
2021-01-05,도서,서울,P8151,556.75,5,42,여성,1,3.4
2021-01-06,도서,수원,P9564,3688.41,5,51,여성,1,4.2
2021-01-07,전자제품,대전,P4610,39340.44,4,15,여성,0,5.0
2021-01-08,식품,광주,P7894,1782.8,5,28,남성,0,4.8
2021-01-09,의류,울산,P8311,6475.35,3,48,여성,0,3.4
2021-01-10,전자제품,대구,P1105,67244.21,8,20,여성,0,3.0
2021-01-11,의류,대구,P6539,1619.69,7,43,여성,0,3.3
2021-01-12,스포츠,수원,P7787,7344.85,8,46,남성,1,2.7
2021-01-13,의류,대구,P3137,2472.96,6,34,여성,0,4.1
2021-01-14,식품,광주,P5445,2529.05,5,20,여성,1,4.8
2021-01-15,스포츠,수원,P4530,1110.52,6,33,여성,0,3.9
2021-01-16,의류,광주,P2286,5081.02,5,49,남성,0,5.0
2021-01-17,스포츠,대전,P8052,9772.73,8,50,여성,0,5.0
2021-01-18,의류,서울,P4654,2038.54,6,37,남성,1,4.3
2021-01-19,식품,대전,P8102,563.91,7,25,남성,1,4.7
2021-01-20,의류,대전,P3359,5371.72,6,52,남성,0,3.1
2021-01-21,의류,광주,P9105,13788.61,3,43,남성,0,3.6
2021-01-22,의류,수원,P9636,1894.26,5,25,여성,0,5.0
2021-01-23,전자제품,수원,P7441,7539.49,5,38,남성,0,3.4
2021-01-24,전자제품,대구,P6047,54986.48,7,37,남성,0,5.0
2021-01-25,전자제품,부산,P9227,13618.02,12,28,여성,1,5.0
2021-01-26,식품,서울,P6203,494.73,7,38,남성,0,4.8
2021-01-27,스포츠,광주,P2798,14915.76,9,46,남성,1,2.8
2021-01-28,도서,대구,P6291,1107.41,6,32,남성,0,3.7
2021-01-29,의류,울산,P6495,15165.28,4,47,남성,0,4.6
2021-01-30,의류,부산,P7284,2802.71,6,17,남성,1,3.0
2021-01-31,식품,부산,P8285,930.5,2,57,남성,0,3.8
2021-02-01,의류,광주,P2300,14078.21,9,35,여성,1,4.8
2021-02-02,전자제품,인천,P7869,14584.99,7,45,여성,0,3.4
2021-02-03,도서,서울,P4097,3905.23,5,37,여성,0,3.2
2021-02-04,가구,부산,P5616,10329.83,8,26,여성,1,2.2
2021-02-05,의류,광주,P1009,40111.14,2,34,남성,1,3.6
2021-02-06,전자제품,광주,P6752,88695.23,8,15,남성,0,4.8
2021-02-07,가구,대구,P7295,2944.58,4,41,남성,0,3.1
2021-02-08,도서,울산,P5815,3129.79,10,36,여성,1,4.0
2021-02-09,가구,인천,P2072,4935.56,5,33,여성,1,3.8
2021-02-10,전자제품,서울,P4225,22591.04,3,42,남성,0,3.3
2021-02-11,스포츠,수원,P2316,8008.01,5,35,남성,1,4.8
2021-02-12,스포츠,대전,P6699,2609.0,7,41,여성,0,5.0
2021-02-13,가구,울산,P7807,32477.28,3,44,여성,0,5.0
2021-02-14,식품,울산,P7674,1384.0,2,29,여성,0,3.3
2021-02-15,가구,대구,P4683,8514.27,8,26,여성,0,5.0
2021-02-16,의류,수원,P8227,3659.41,8,17,남성,1,5.0
2021-02-17,의류,부산,P4273,6535.68,7,36,여성,0,3.5
2021-02-18,스포츠,부산,P8000,11417.65,9,39,여성,1,3.2
2021-02-19,식품,대구,P1145,1007.18,8,21,남성,0,5.0
2021-02-20,전자제품,광주,P6010,1121.85,6,49,남성,1,4.2
2021-02-21,의류,부산,P4040,5826.21,7,26,남성,1,3.1
2021-02-22,스포츠,인천,P1482,1810.45,7,15,여성,0,3.9
2021-02-23,도서,서울,P4179,1554.51,8,49,여성,0,3.6
2021-02-24,스포츠,울산,P2249,1885.44,7,15,여성,0,3.2
2021-02-25,의류,울산,P1630,1399.79,4,44,여성,1,5.0
2021-02-26,의류,인천,P9853,19879.09,4,42,남성,1,4.8
2021-02-27,스포츠,수원,P3852,5605.95,2,38,남성,0,4.8
2021-02-28,전자제품,부산,P1987,13003.28,6,29,여성,1,4.8
2021-03-01,가구,울산,P8622,18824.69,4,40,여성,0,3.1
2021-03-02,의류,대전,P8327,4016.75,10,45,여성,0,3.4
2021-03-03,스포츠,수원,P9841,63693.4,9,25,남성,1,5.0
2021-03-04,스포츠,서울,P2100,5922.38,5,44,여성,0,4.1
2021-03-05,식품,서울,P7652,1684.06,3,44,남성,1,2.5
2021-03-06,가구,울산,P9632,30907.71,4,37,여성,0,4.2
2021-03-07,도서,대구,P8421,9697.95,3,29,남성,0,4.7
2021-03-08,전자제품,수원,P6016,9314.35,5,44,남성,0,4.5
2021-03-09,도서,울산,P1769,1289.53,5,40,여성,0,3.1
2021-03-10,가구,대구,P2343,42090.6,6,24,남성,1,5.0
2021-03-11,가구,울산,P5358,26482.37,9,31,남성,0,2.5
2021-03-12,가구,대전,P7780,34561.25,7,43,여성,0,4.1
2021-03-13,도서,수원,P7602,500.67,4,36,남성,0,5.0
2021-03-14,가구,광주,P3349,55573.61,6,45,여성,0,4.6
2021-03-15,스포츠,서울,P6699,3683.43,7,31,남성,1,4.8
2021-03-16,도서,울산,P2241,2392.21,4,25,남성,0,2.9
2021-03-17,가구,대전,P2125,10220.4,9,56,남성,0,4.3
2021-03-18,스포츠,대구,P7764,3285.57,9,18,남성,1,4.0
2021-03-19,식품,대구,P6101,289.15,6,30,여성,0,2.9
2021-03-20,가구,서울,P8843,2077.7,5,37,여성,1,4.9
2021-03-21,도서,인천,P1072,2232.48,3,44,여성,0,3.2
2021-03-22,의류,울산,P6472,1294.45,7,41,남성,0,3.3
2021-03-23,가구,수원,P6189,3832.05,6,58,남성,1,4.4
2021-03-24,의류,부산,P3472,4790.56,7,33,여성,1,3.9
2021-03-25,스포츠,대구,P1707,567.87,8,26,여성,0,4.2
2021-03-26,식품,수원,P2804,2599.49,4,32,여성,0,3.8
2021-03-27,전자제품,수원,P7704,1786.67,10,31,여성,0,5.0
2021-03-28,식품,광주,P4713,1105.04,3,34,남성,0,3.1
2021-03-29,가구,수원,P6051,12124.74,1,25,여성,1,3.5
2021-03-30,의류,수원,P3475,10231.68,7,42,남성,0,4.5
2021-03-31,의류,광주,P4610,5731.9,5,38,여성,0,3.0
2021-04-01,도서,대구,P5255,14988.49,7,22,남성,1,3.0
2021-04-02,의류,수원,P8397,7422.52,5,44,여성,0,4.1
2021-04-03,도서,인천,P2735,5716.58,6,26,여성,0,4.9
2021-04-04,스포츠,인천,P9258,3867.9,3,23,남성,1,5.0
2021-04-05,전자제품,대전,P8979,22495.28,6,35,남성,1,4.1
2021-04-06,가구,광주,P3428,56223.11,5,17,여성,0,3.3
2021-04-07,도서,대전,P8426,1571.92,4,40,남성,0,4.3
2021-04-08,전자제품,광주,P9533,24161.46,6,15,여성,0,4.6
2021-04-09,의류,울산,P6249,15947.58,4,24,남성,0,4.3
2021-04-10,의류,울산,P6291,2846.49,4,50,여성,0,5.0
2021-04-11,전자제품,수원,P3817,2294.54,5,28,여성,1,3.0
2021-04-12,의류,부산,P4874,7717.39,9,29,여성,1,3.3
2021-04-13,스포츠,울산,P5211,21412.67,6,47,여성,1,5.0
2021-04-14,스포츠,부산,P1661,2061.75,5,27,여성,0,2.5
2021-04-15,전자제품,울산,P4374,38906.1,5,42,여성,1,3.5
2021-04-16,도서,서울,P1207,3915.37,5,46,여성,0,3.3
2021-04-17,도서,울산,P3665,204.74,5,39,여성,0,2.4
2021-04-18,전자제품,대전,P3493,7793.61,8,20,남성,0,3.8
2021-04-19,도서,대구,P7813,1337.3,9,28,남성,0,4.7
2021-04-20,도서,수원,P1632,1659.11,8,62,남성,1,4.2
2021-04-21,스포츠,대전,P4083,3775.21,4,30,여성,0,4.8
2021-04-22,도서,대구,P4719,893.71,7,64,여성,0,5.0
2021-04-23,식품,인천,P8123,6325.52,7,52,여성,1,3.6
2021-04-24,가구,대전,P2679,10669.53,5,40,남성,0,5.0
2021-04-25,의류,인천,P1236,2962.34,7,37,남성,1,3.7
2021-04-26,식품,부산,P8446,1138.36,10,30,남성,0,3.8
2021-04-27,도서,부산,P5443,3379.76,7,34,남성,0,3.3
2021-04-28,스포츠,서울,P7770,8312.23,5,28,남성,1,4.5
2021-04-29,전자제품,울산,P7099,16050.07,7,34,여성,0,3.7
2021-04-30,도서,대전,P9555,1028.24,8,21,남성,0,3.9
2021-05-01,스포츠,인천,P3368,4059.25,5,20,여성,0,3.8
2021-05-02,가구,대구,P1285,6486.44,4,48,여성,0,3.8
2021-05-03,도서,부산,P1148,2755.14,5,18,여성,0,4.2
2021-05-04,전자제품,울산,P5037,7256.56,6,43,남성,0,3.5
2021-05-05,스포츠,부산,P7549,11610.14,4,16,남성,0,3.6
2021-05-06,스포츠,대구,P8121,32148.77,6,41,여성,1,5.0
2021-05-07,스포츠,울산,P5895,10824.58,4,32,남성,0,3.7
2021-05-08,가구,울산,P6280,8090.44,6,48,남성,0,4.4
2021-05-09,도서,인천,P2012,532.08,6,31,여성,0,3.1
2021-05-10,가구,인천,P3785,56579.67,6,15,여성,1,3.6
2021-05-11,의류,대전,P4725,1809.32,7,33,여성,1,2.8
2021-05-12,의류,대전,P5576,13600.14,7,36,여성,1,5.0
2021-05-13,도서,광주,P6782,3669.04,7,33,여성,1,5.0
2021-05-14,가구,수원,P7257,9160.2,6,40,남성,0,4.6
2021-05-15,전자제품,광주,P3408,14848.81,8,29,여성,0,5.0
2021-05-16,스포츠,서울,P1340,1230.33,4,22,남성,0,4.8
2021-05-17,스포츠,부산,P3817,10712.7,6,25,남성,0,3.8
2021-05-18,도서,대전,P3496,3572.7,8,29,여성,0,4.4
2021-05-19,의류,인천,P6962,1937.15,3,29,여성,0,5.0
2021-05-20,의류,대구,P6299,4917.18,9,59,남성,1,3.1
2021-05-21,스포츠,인천,P8574,7943.27,5,47,여성,1,2.8
2021-05-22,도서,부산,P2689,3424.41,3,41,남성,0,4.4
2021-05-23,가구,광주,P4267,11473.92,6,39,여성,1,3.4
2021-05-24,의류,인천,P5406,1121.79,6,37,여성,0,1.7
2021-05-25,가구,수원,P9453,6702.99,5,38,남성,0,2.8
2021-05-26,의류,서울,P2442,7113.72,7,36,남성,0,3.7
2021-05-27,의류,부산,P9597,13157.05,9,35,여성,0,4.0
2021-05-28,식품,광주,P5437,610.4,5,15,여성,0,4.1
2021-05-29,의류,수원,P6435,50352.38,4,31,여성,1,5.0
2021-05-30,전자제품,대구,P9435,2825.93,7,32,남성,0,3.8
2021-05-31,도서,광주,P5107,1067.08,5,27,여성,0,4.3
2021-06-01,도서,울산,P1560,1721.99,3,29,여성,0,2.4
2021-06-02,가구,수원,P9785,9164.81,4,38,여성,0,4.0
2021-06-03,의류,수원,P6548,1630.13,2,42,여성,1,4.3
2021-06-04,전자제품,서울,P2826,29091.07,10,37,남성,0,2.6
2021-06-05,가구,부산,P8629,16128.82,6,42,남성,1,3.1
2021-06-06,식품,대구,P9325,1164.9,4,42,남성,1,4.5
2021-06-07,가구,서울,P4138,15437.83,5,32,여성,0,3.5
2021-06-08,가구,광주,P8693,7234.76,4,40,여성,0,3.9
2021-06-09,의류,서울,P9264,1094.0,5,17,여성,1,4.5
2021-06-10,식품,수원,P8842,537.28,7,31,남성,1,5.0
2021-06-11,가구,부산,P7721,12841.29,5,29,남성,0,3.8
2021-06-12,전자제품,대전,P8002,21472.68,3,50,남성,1,5.0
2021-06-13,전자제품,서울,P5225,18972.56,7,38,남성,1,2.0
2021-06-14,도서,울산,P3978,3143.37,4,21,여성,0,4.1
2021-06-15,식품,서울,P8373,607.84,7,40,남성,0,3.7
2021-06-16,식품,광주,P6907,1113.49,3,44,남성,1,3.5
2021-06-17,도서,광주,P7097,3193.88,9,34,여성,0,4.7
2021-06-18,가구,대구,P6656,9909.5,4,41,남성,0,3.8
2021-06-19,식품,광주,P9984,310.35,7,15,여성,0,2.0
2021-06-20,전자제품,인천,P5259,6838.91,5,15,여성,0,2.4
2021-06-21,전자제품,부산,P9286,40951.91,6,23,여성,0,4.7
2021-06-22,의류,부산,P6901,21487.22,7,36,여성,1,2.4
2021-06-23,식품,대전,P5917,3449.5,2,50,여성,0,4.7
2021-06-24,가구,대전,P9429,13397.57,6,23,남성,0,4.1
2021-06-25,도서,부산,P3530,530.15,8,26,남성,0,3.8
2021-06-26,도서,울산,P2960,1749.86,7,35,여성,0,3.9
2021-06-27,가구,대전,P8045,50262.05,7,30,남성,0,4.5
2021-06-28,스포츠,대구,P2048,13005.28,8,29,여성,0,2.8
2021-06-29,의류,광주,P6772,4258.99,5,30,남성,0,4.0
2021-06-30,도서,부산,P3529,3266.9,4,48,남성,0,2.9
2021-07-01,식품,수원,P3964,292.97,9,46,남성,0,4.2
2021-07-02,의류,대전,P8137,2592.87,5,35,남성,0,4.6
2021-07-03,식품,부산,P1963,350.68,6,51,남성,1,4.2
2021-07-04,전자제품,인천,P1536,27565.41,6,40,남성,0,4.6
2021-07-05,의류,서울,P8340,10531.84,4,46,남성,0,3.3
2021-07-06,도서,광주,P8179,1469.82,10,26,여성,1,3.9
2021-07-07,의류,부산,P8967,2142.39,9,28,여성,0,3.8
2021-07-08,의류,서울,P9734,5014.71,7,28,여성,0,3.7
2021-07-09,의류,대전,P1845,3135.59,4,34,남성,0,3.2
2021-07-10,스포츠,서울,P6777,3059.27,6,35,남성,0,3.6
2021-07-11,의류,광주,P4036,7120.16,6,38,여성,1,2.9
2021-07-12,식품,부산,P6947,474.16,6,54,여성,1,2.3
2021-07-13,전자제품,인천,P3494,3511.7,4,42,남성,0,3.3
2021-07-14,가구,울산,P3719,2624.25,8,29,여성,0,4.6
2021-07-15,의류,대전,P2884,1009.83,4,34,여성,0,4.2
2021-07-16,도서,부산,P5349,2136.61,1,50,여성,1,2.7
2021-07-17,의류,광주,P6179,5800.91,7,42,여성,1,3.6
2021-07-18,도서,대전,P7610,1834.58,7,49,남성,0,4.7
2021-07-19,식품,대구,P7430,1786.94,5,30,여성,0,3.6
2021-07-20,도서,서울,P8154,5435.06,6,27,여성,0,2.6
2021-07-21,가구,울산,P7488,5461.54,10,28,여성,0,5.0
2021-07-22,전자제품,광주,P5737,24646.43,6,30,여성,0,3.8
2021-07-23,도서,대구,P7525,337.33,5,24,남성,0,2.8
2021-07-24,도서,수원,P4850,6481.68,4,37,여성,0,4.2
2021-07-25,전자제품,부산,P1689,4689.8,7,38,여성,1,3.9
2021-07-26,가구,인천,P6175,4790.83,3,48,여성,1,2.5
2021-07-27,의류,대전,P9648,2673.35,7,17,여성,0,4.1
2021-07-28,도서,서울,P6078,351.19,7,25,여성,0,5.0
2021-07-29,전자제품,대전,P6448,16650.47,7,43,남성,1,3.8
2021-07-30,식품,울산,P2179,1194.6,6,36,여성,0,1.9
2021-07-31,전자제품,부산,P7406,13268.29,4,35,여성,0,4.3
2021-08-01,식품,대전,P9591,205.69,5,47,남성,0,4.6
2021-08-02,가구,서울,P7907,69571.68,5,24,여성,0,3.4
2021-08-03,의류,부산,P9800,8269.64,6,27,남성,0,3.4
2021-08-04,전자제품,대전,P2638,221210.8,5,26,여성,0,5.0
2021-08-05,스포츠,인천,P6671,2832.26,5,15,남성,0,3.3
2021-08-06,도서,광주,P7928,4118.08,6,36,남성,0,2.9
2021-08-07,가구,부산,P2382,20618.2,6,29,여성,0,4.0
2021-08-08,전자제품,광주,P2403,11761.3,6,27,남성,0,4.6
2021-08-09,도서,수원,P4292,6433.69,8,25,여성,1,4.5
2021-08-10,전자제품,부산,P1419,10437.35,4,34,남성,0,1.5
2021-08-11,식품,인천,P5517,653.28,3,27,남성,0,3.3
2021-08-12,전자제품,광주,P4302,484.3,5,37,여성,0,5.0
2021-08-13,스포츠,대구,P8857,9364.19,5,39,남성,0,4.3
2021-08-14,전자제품,서울,P8870,4122.62,7,32,여성,0,2.8
2021-08-15,전자제품,대구,P6693,8927.75,4,31,남성,1,5.0
2021-08-16,스포츠,대전,P1767,2215.09,6,36,남성,0,5.0
2021-08-17,가구,인천,P3044,6415.4,6,34,여성,0,3.7
2021-08-18,전자제품,대구,P2549,23989.87,6,48,여성,1,4.9
2021-08-19,스포츠,부산,P7140,6212.93,6,38,남성,0,5.0
2021-08-20,도서,대전,P4716,3117.11,4,45,여성,0,2.9
2021-08-21,식품,대전,P5481,3254.94,11,41,여성,0,4.6
2021-08-22,식품,대구,P8898,633.75,6,21,남성,0,5.0
2021-08-23,전자제품,수원,P7548,9447.28,5,29,남성,1,4.7
2021-08-24,가구,대구,P3293,23793.91,5,34,여성,0,3.2
2021-08-25,가구,수원,P5837,25713.71,8,43,남성,0,4.2
2021-08-26,도서,인천,P8758,3180.79,4,54,여성,1,5.0
2021-08-27,전자제품,서울,P7793,5843.37,7,30,여성,0,3.0
2021-08-28,식품,대구,P8638,1384.23,3,35,여성,0,4.0
2021-08-29,가구,울산,P8993,10104.67,5,42,여성,0,3.8
2021-08-30,전자제품,수원,P7007,43180.31,5,34,여성,0,3.4
2021-08-31,가구,대구,P6542,5092.19,5,51,여성,1,4.2
2021-09-01,스포츠,광주,P7356,1135.53,9,21,남성,1,3.9
2021-09-02,가구,부산,P9433,17958.56,6,41,여성,0,4.6
2021-09-03,식품,울산,P8380,69.64,9,41,남성,0,5.0
2021-09-04,의류,울산,P3385,2161.11,6,46,여성,0,2.7
2021-09-05,도서,수원,P5268,537.47,8,35,남성,0,4.1
2021-09-06,도서,광주,P1671,533.25,9,43,남성,0,3.9
2021-09-07,식품,광주,P1163,423.26,4,32,남성,0,4.2
2021-09-08,가구,대전,P9656,30209.98,5,26,여성,1,4.0
2021-09-09,전자제품,수원,P5592,33824.72,7,25,남성,1,3.0
2021-09-10,가구,서울,P5795,6938.94,5,20,남성,0,5.0
2021-09-11,식품,부산,P5798,2770.53,5,30,여성,0,5.0
2021-09-12,도서,인천,P7036,513.31,7,38,남성,0,4.5
2021-09-13,가구,울산,P3355,2686.2,3,32,남성,1,4.6
2021-09-14,도서,인천,P6887,3516.75,5,36,여성,1,4.1
2021-09-15,전자제품,대구,P8961,26456.86,3,47,남성,1,5.0
2021-09-16,도서,대구,P6827,934.66,9,29,남성,0,1.6
2021-09-17,도서,인천,P9737,475.53,8,58,여성,0,4.0
2021-09-18,의류,대구,P5719,19106.18,3,42,남성,0,3.4
2021-09-19,의류,서울,P1593,794.33,6,33,남성,0,4.1
2021-09-20,스포츠,광주,P5839,3250.3,7,32,남성,0,5.0
2021-09-21,의류,대구,P8394,5572.04,8,24,남성,0,4.0
2021-09-22,도서,대전,P4493,8957.48,8,34,여성,0,3.6
2021-09-23,식품,대구,P7164,1300.06,8,15,여성,0,2.6
2021-09-24,도서,부산,P3672,2387.65,7,47,여성,0,3.9
2021-09-25,식품,서울,P5200,501.44,6,15,여성,0,4.7
2021-09-26,식품,부산,P1016,1564.52,6,35,남성,0,3.2
2021-09-27,의류,부산,P4191,4922.89,9,23,여성,0,2.0
2021-09-28,가구,대전,P1392,1810.1,8,27,여성,0,5.0
2021-09-29,전자제품,서울,P9616,32647.54,5,29,남성,0,4.3
2021-09-30,의류,서울,P7272,11698.77,6,54,남성,0,3.8
2021-10-01,의류,수원,P1571,9902.06,9,23,남성,1,5.0
2021-10-02,가구,서울,P4631,9172.4,6,44,여성,0,4.1
2021-10-03,전자제품,서울,P7172,5685.55,3,46,남성,0,5.0
2021-10-04,도서,서울,P8177,147.02,4,15,남성,0,5.0
2021-10-05,스포츠,대전,P9433,6929.98,8,28,남성,1,2.7
2021-10-06,스포츠,대구,P4897,17484.8,4,49,여성,0,4.5
2021-10-07,도서,수원,P9123,4011.93,9,21,여성,0,5.0
2021-10-08,의류,부산,P3279,10065.64,2,46,여성,0,3.0
2021-10-09,전자제품,서울,P9980,13784.97,6,34,여성,1,3.0
2021-10-10,의류,울산,P8451,13224.87,4,34,여성,1,3.2
2021-10-11,식품,대구,P9906,2248.44,6,35,여성,0,4.9
2021-10-12,의류,대구,P1775,2926.52,6,38,여성,1,4.3
2021-10-13,의류,부산,P7869,8793.72,3,25,남성,1,2.1
2021-10-14,도서,대전,P3247,872.77,8,32,남성,0,4.3
2021-10-15,도서,인천,P8088,2562.56,3,38,남성,0,3.7
2021-10-16,도서,인천,P1078,407.8,5,36,여성,0,3.9
2021-10-17,스포츠,대구,P9080,1763.75,6,38,여성,1,3.2
2021-10-18,식품,광주,P8099,2590.93,5,27,남성,0,4.3
2021-10-19,도서,광주,P4926,3832.52,5,41,남성,1,5.0
2021-10-20,전자제품,부산,P8340,28319.23,6,36,여성,0,3.4
2021-10-21,스포츠,인천,P8083,6573.48,5,19,여성,0,2.3
2021-10-22,가구,대구,P7230,827.59,5,29,여성,1,3.7
2021-10-23,전자제품,대전,P5940,14006.45,6,26,여성,0,4.8
2021-10-24,전자제품,인천,P4271,23811.5,8,25,여성,0,3.6
2021-10-25,도서,대구,P4456,887.2,7,30,여성,0,2.5
2021-10-26,가구,대구,P8788,4463.81,7,41,여성,0,4.8
2021-10-27,가구,서울,P9599,38654.47,9,28,여성,0,5.0
2021-10-28,스포츠,대전,P8650,5733.24,6,37,남성,0,4.0
2021-10-29,가구,서울,P3711,14420.79,3,35,여성,0,2.4
2021-10-30,식품,부산,P2668,1988.37,5,27,여성,1,3.7
2021-10-31,도서,서울,P1147,562.43,7,31,여성,1,4.2
2021-11-01,가구,울산,P7420,11166.2,4,43,남성,0,3.2
2021-11-02,스포츠,서울,P1365,23009.16,4,36,남성,1,4.6
2021-11-03,식품,울산,P5531,5699.75,6,40,여성,0,3.1
2021-11-04,의류,인천,P6330,4819.61,6,47,남성,0,4.0
2021-11-05,의류,광주,P6510,3658.19,7,39,남성,0,3.8
2021-11-06,식품,수원,P9754,1217.38,3,15,남성,1,4.6
2021-11-07,스포츠,수원,P9964,7930.2,7,37,여성,1,4.0
2021-11-08,식품,대구,P7493,3739.54,5,28,여성,0,3.8
2021-11-09,도서,수원,P6439,576.35,4,53,여성,0,3.2
2021-11-10,도서,울산,P7511,1182.75,5,38,여성,0,4.0
2021-11-11,의류,대전,P8504,1539.69,3,29,여성,0,3.7
2021-11-12,가구,서울,P2246,3428.81,7,40,여성,0,3.1
2021-11-13,스포츠,울산,P4839,9187.92,9,35,여성,0,4.2
2021-11-14,의류,대전,P9551,10654.67,6,17,남성,1,4.4
2021-11-15,가구,광주,P3376,4965.11,7,43,여성,0,3.7
2021-11-16,가구,수원,P4009,20624.86,6,30,여성,1,4.9
2021-11-17,도서,광주,P2827,4839.59,6,49,여성,0,4.3
2021-11-18,전자제품,수원,P7979,110518.05,7,33,여성,0,2.7
2021-11-19,전자제품,서울,P9569,17165.25,5,49,여성,1,5.0
2021-11-20,식품,부산,P5285,507.97,5,39,여성,1,4.8
2021-11-21,도서,서울,P7910,590.67,6,44,여성,0,5.0
2021-11-22,가구,인천,P9561,3217.81,6,30,여성,0,4.4
2021-11-23,스포츠,울산,P3196,22591.77,5,38,남성,1,1.7
2021-11-24,전자제품,대구,P4747,3567.31,5,17,남성,0,5.0
2021-11-25,가구,부산,P9843,33004.81,8,33,여성,0,4.1
2021-11-26,전자제품,서울,P6978,6849.29,6,20,여성,0,4.4
2021-11-27,전자제품,대전,P6607,8250.31,5,23,남성,1,4.5
2021-11-28,전자제품,부산,P1769,14108.82,4,26,여성,1,5.0
2021-11-29,스포츠,울산,P1780,3258.69,10,41,여성,1,3.5
2021-11-30,도서,수원,P7303,4193.78,7,33,남성,0,3.5
2021-12-01,스포츠,부산,P4983,40618.22,7,35,여성,0,3.1
2021-12-02,의류,수원,P9714,2582.43,5,33,여성,0,2.9
2021-12-03,가구,울산,P1521,6488.71,8,45,여성,1,2.9
2021-12-04,도서,서울,P8569,1419.38,7,35,남성,0,2.1
2021-12-05,도서,울산,P6784,2879.51,7,37,남성,0,4.4
2021-12-06,도서,부산,P5583,1442.12,3,29,여성,0,5.0
2021-12-07,도서,대전,P6946,6752.42,7,46,남성,0,5.0
2021-12-08,스포츠,광주,P5941,21298.14,5,47,남성,1,3.1
2021-12-09,도서,부산,P7267,518.57,8,34,남성,0,3.7
2021-12-10,식품,울산,P8128,1719.43,9,29,여성,1,5.0
2021-12-11,가구,광주,P3461,46853.88,7,18,남성,0,4.4
2021-12-12,도서,울산,P1685,1044.2,4,26,남성,1,4.1
2021-12-13,가구,대전,P3160,7680.05,5,15,남성,1,3.7
2021-12-14,식품,울산,P8031,609.8,6,25,여성,0,5.0
2021-12-15,식품,서울,P6341,624.66,4,38,남성,1,2.9
2021-12-16,가구,대구,P1038,1961.65,6,34,남성,0,4.5
2021-12-17,전자제품,수원,P5875,4608.33,9,58,여성,1,4.3
2021-12-18,의류,수원,P2256,5656.47,9,31,남성,1,4.0
2021-12-19,전자제품,부산,P8697,79520.91,6,30,남성,1,4.8
2021-12-20,전자제품,대구,P3196,9508.49,6,45,남성,0,4.0
2021-12-21,스포츠,울산,P8165,3704.78,9,15,여성,0,3.5
2021-12-22,전자제품,대전,P1301,96864.83,6,20,여성,0,4.1
2021-12-23,도서,부산,P8527,585.12,5,41,남성,0,2.4
2021-12-24,스포츠,울산,P7381,1350.53,4,33,남성,1,4.6
2021-12-25,스포츠,광주,P1646,3115.37,8,33,남성,1,4.9
2021-12-26,식품,인천,P9789,553.26,5,25,남성,1,3.3
2021-12-27,전자제품,울산,P9853,3126.47,5,37,남성,0,3.1
2021-12-28,식품,대구,P5330,950.29,6,26,남성,1,3.4
2021-12-29,가구,부산,P8003,27971.22,4,35,여성,1,3.9
2021-12-30,의류,대구,P4537,1501.88,6,23,남성,1,4.2
2021-12-31,스포츠,부산,P5558,7932.76,5,33,남성,0,5.0
2022-01-01,가구,울산,P7579,16246.69,7,55,남성,0,5.0
2022-01-02,가구,서울,P9474,10090.79,6,30,여성,0,4.8
2022-01-03,도서,광주,P5082,2207.78,6,33,남성,0,4.1
2022-01-04,의류,울산,P5183,6721.19,3,32,여성,0,3.1
2022-01-05,가구,수원,P9652,4910.51,6,36,남성,1,5.0
2022-01-06,가구,대구,P4754,49684.62,4,39,남성,0,3.8
2022-01-07,의류,인천,P2724,19389.19,4,37,남성,0,4.3
2022-01-08,의류,인천,P2376,18354.02,6,37,남성,0,4.6
2022-01-09,가구,대전,P9706,30868.11,5,33,남성,1,4.1
2022-01-10,의류,부산,P9894,1162.84,4,36,남성,1,5.0
2022-01-11,가구,대구,P2653,28445.42,5,32,여성,1,4.5
2022-01-12,가구,대전,P3066,21767.97,3,16,남성,0,5.0
2022-01-13,도서,대구,P1022,406.35,7,61,남성,0,4.4
2022-01-14,전자제품,수원,P3460,15279.68,8,42,남성,1,4.0
2022-01-15,가구,부산,P6926,15033.19,4,25,여성,0,4.1
2022-01-16,식품,울산,P7251,6037.77,6,37,남성,0,3.9
2022-01-17,스포츠,울산,P8295,15774.25,5,21,여성,0,2.7
2022-01-18,전자제품,인천,P4300,8070.16,7,30,남성,0,3.0
2022-01-19,전자제품,울산,P7279,104679.36,7,20,남성,1,4.7
2022-01-20,전자제품,울산,P9553,20126.62,3,34,여성,0,2.7
2022-01-21,도서,수원,P8353,1495.66,3,19,여성,0,3.6
2022-01-22,가구,서울,P4727,8379.22,6,38,남성,0,2.9
2022-01-23,도서,인천,P7272,382.98,3,41,여성,0,3.5
2022-01-24,가구,대전,P6995,10469.2,8,26,여성,0,3.8
2022-01-25,도서,광주,P1514,3210.93,5,36,남성,0,3.6
2022-01-26,도서,서울,P1448,1331.49,6,26,남성,0,2.6
2022-01-27,스포츠,대전,P7019,11953.31,8,40,남성,0,3.8
2022-01-28,식품,부산,P6343,497.38,6,28,여성,0,3.0
2022-01-29,도서,서울,P9033,1713.28,8,42,남성,0,3.4
2022-01-30,스포츠,수원,P3520,10855.46,2,16,남성,0,4.7
2022-01-31,의류,대전,P4081,7189.17,4,24,여성,0,5.0
2022-02-01,식품,부산,P2428,239.41,5,23,여성,1,2.7
2022-02-02,도서,인천,P4967,1284.21,10,37,남성,0,5.0
2022-02-03,전자제품,광주,P7445,106866.64,5,40,여성,0,3.5
2022-02-04,의류,부산,P3159,3669.48,6,37,여성,0,3.4
2022-02-05,의류,울산,P6132,6114.26,7,29,여성,1,3.1
2022-02-06,스포츠,대구,P3547,7374.53,7,15,남성,0,4.1
2022-02-07,의류,부산,P3979,29008.98,4,35,남성,0,5.0
2022-02-08,식품,부산,P3649,4404.04,4,42,남성,1,2.5
2022-02-09,도서,광주,P9505,4539.0,6,61,여성,1,1.9
2022-02-10,도서,대구,P4083,766.51,8,30,남성,1,4.3
2022-02-11,전자제품,울산,P2037,29114.45,7,28,남성,0,4.6
2022-02-12,스포츠,대전,P4489,14379.41,7,38,여성,0,4.1
2022-02-13,전자제품,대전,P8604,10151.35,5,32,여성,0,4.6
2022-02-14,의류,부산,P8544,2569.59,8,47,남성,1,2.9
2022-02-15,전자제품,수원,P3634,112758.22,5,26,여성,0,3.1
2022-02-16,식품,수원,P4983,912.08,9,32,남성,0,4.1
2022-02-17,도서,대구,P2778,10345.05,6,43,남성,1,5.0
2022-02-18,의류,대구,P8902,16762.21,6,38,남성,1,4.6
2022-02-19,전자제품,울산,P6110,31054.26,5,46,여성,1,4.6
2022-02-20,스포츠,광주,P6189,13012.61,6,30,여성,1,2.9
2022-02-21,식품,인천,P8378,306.55,3,47,남성,1,4.4
2022-02-22,식품,대전,P2124,1531.99,4,18,남성,0,2.8
2022-02-23,전자제품,광주,P1697,85792.86,8,18,남성,1,5.0
2022-02-24,도서,서울,P3179,4117.89,6,47,남성,1,3.0
2022-02-25,전자제품,대전,P6251,24350.67,7,35,여성,0,3.2
2022-02-26,의류,광주,P2929,34736.29,8,44,남성,0,2.5
2022-02-27,전자제품,대전,P2013,17397.76,3,35,남성,1,4.1
2022-02-28,식품,인천,P1226,677.01,8,34,여성,0,4.0
2022-03-01,전자제품,서울,P8321,24488.91,6,21,남성,1,5.0
2022-03-02,도서,수원,P2828,4525.44,6,34,남성,0,4.8
2022-03-03,스포츠,수원,P8909,1511.59,8,48,남성,0,3.2
2022-03-04,가구,인천,P6588,16821.4,7,35,남성,0,4.9
2022-03-05,전자제품,울산,P3023,47478.85,6,41,남성,0,2.8
2022-03-06,도서,서울,P5966,1614.47,1,41,여성,0,3.3
2022-03-07,도서,부산,P6891,6403.61,8,24,여성,0,4.1
2022-03-08,스포츠,광주,P2080,16096.31,6,43,여성,0,2.9
2022-03-09,식품,서울,P6036,10835.63,6,31,여성,0,5.0
2022-03-10,도서,울산,P3563,1002.82,7,32,남성,0,5.0
2022-03-11,도서,울산,P4292,4880.36,9,55,여성,0,3.7
2022-03-12,도서,인천,P4586,769.7,5,40,여성,1,3.3
2022-03-13,도서,대전,P5431,423.68,7,28,여성,0,3.9
2022-03-14,의류,서울,P7841,835.8,5,35,여성,0,3.4
2022-03-15,의류,광주,P7643,10972.79,2,35,여성,0,4.3
2022-03-16,식품,서울,P4959,1541.56,4,51,여성,0,2.7
2022-03-17,전자제품,대구,P1161,13246.87,5,35,여성,0,4.3
2022-03-18,도서,대전,P1593,363.32,6,57,여성,0,5.0
2022-03-19,스포츠,광주,P4390,4296.14,5,22,남성,1,2.0
2022-03-20,전자제품,수원,P6997,21525.0,6,34,여성,1,2.8
2022-03-21,스포츠,광주,P7354,18966.82,3,27,남성,1,3.6
2022-03-22,전자제품,부산,P1663,21113.76,3,30,여성,0,4.5
2022-03-23,식품,인천,P1541,1658.18,6,30,여성,0,4.9
2022-03-24,도서,부산,P6433,1475.38,6,27,여성,0,4.8
2022-03-25,도서,광주,P6093,12364.13,6,52,남성,1,2.3
2022-03-26,가구,대전,P1867,4662.58,7,49,남성,1,3.3
2022-03-27,스포츠,서울,P9623,4278.32,5,39,여성,0,3.1
2022-03-28,전자제품,수원,P6469,13159.34,10,30,남성,0,3.9
2022-03-29,전자제품,서울,P7256,37060.7,8,28,여성,0,4.0
2022-03-30,의류,대전,P2169,2287.24,3,42,남성,1,2.6
2022-03-31,가구,광주,P1830,14810.63,4,38,남성,1,3.6
2022-04-01,의류,울산,P2651,7626.5,5,33,남성,0,4.6
2022-04-02,의류,서울,P2136,3230.25,7,40,여성,1,3.4
2022-04-03,의류,울산,P3810,8998.42,8,43,남성,0,3.8
2022-04-04,스포츠,서울,P9667,3148.91,5,33,남성,1,5.0
2022-04-05,스포츠,서울,P2019,2823.2,6,27,여성,1,5.0
2022-04-06,식품,수원,P6237,1429.7,6,21,남성,1,1.8
2022-04-07,식품,인천,P2283,246.12,4,37,여성,0,4.1
2022-04-08,의류,인천,P1659,757.62,4,56,여성,0,5.0
2022-04-09,가구,대구,P3010,22045.98,8,23,남성,0,4.5
2022-04-10,전자제품,부산,P9590,61556.93,4,45,여성,0,4.0
2022-04-11,스포츠,대전,P2733,5407.18,9,28,남성,1,5.0
2022-04-12,가구,대전,P3125,6630.75,9,30,남성,0,4.2
2022-04-13,도서,대전,P3171,5890.33,6,44,여성,0,4.7
2022-04-14,스포츠,대구,P9266,2740.77,6,32,남성,1,3.8
2022-04-15,스포츠,인천,P4471,2203.57,4,37,남성,0,4.2
2022-04-16,식품,광주,P6624,2621.1,4,37,여성,0,4.4
2022-04-17,전자제품,울산,P9691,21714.81,7,28,여성,0,4.9
2022-04-18,전자제품,수원,P9329,62388.61,6,43,남성,0,3.6
2022-04-19,도서,울산,P3097,252.88,5,34,여성,0,3.5
2022-04-20,도서,광주,P6068,529.53,7,21,여성,1,2.1
2022-04-21,스포츠,수원,P7397,8714.25,4,26,여성,0,3.6
2022-04-22,의류,대구,P3757,9776.78,13,15,여성,1,5.0
2022-04-23,식품,광주,P4920,3001.91,2,35,남성,0,4.5
2022-04-24,식품,대전,P9186,1531.71,7,48,남성,0,3.0
2022-04-25,스포츠,부산,P2900,10100.82,2,24,여성,0,2.1
2022-04-26,가구,서울,P3610,8699.48,7,40,남성,0,3.9
2022-04-27,의류,울산,P7900,31488.42,2,39,여성,0,4.9
2022-04-28,스포츠,인천,P2449,2836.4,5,27,여성,0,3.5
2022-04-29,의류,인천,P9738,9170.75,4,50,남성,0,2.6
2022-04-30,의류,대구,P6017,2382.79,4,32,남성,0,3.4
2022-05-01,의류,수원,P8999,10912.52,6,55,남성,0,4.3
2022-05-02,스포츠,인천,P7052,3018.65,6,18,남성,0,5.0
2022-05-03,식품,대전,P3096,2684.51,6,32,여성,1,3.7
2022-05-04,식품,울산,P9895,1425.79,10,33,여성,1,5.0
2022-05-05,의류,광주,P7404,36437.46,4,34,남성,0,4.9
2022-05-06,가구,대전,P4331,9601.79,4,42,여성,0,2.8
2022-05-07,전자제품,대구,P8462,32381.67,7,68,남성,1,5.0
2022-05-08,스포츠,대전,P6105,3878.6,7,39,남성,0,4.3
2022-05-09,전자제품,광주,P3978,15836.04,4,35,남성,1,2.8
2022-05-10,가구,부산,P3839,14066.93,8,24,여성,0,5.0
2022-05-11,스포츠,대구,P4384,1829.57,5,16,여성,1,3.9
2022-05-12,의류,부산,P1685,1529.05,2,46,남성,0,2.1
2022-05-13,식품,서울,P8531,2296.35,8,29,남성,1,3.3
2022-05-14,전자제품,부산,P5283,18126.41,8,61,남성,0,3.0
2022-05-15,도서,서울,P8736,1157.78,3,43,남성,0,3.3
2022-05-16,도서,서울,P8710,1000.96,6,38,여성,0,3.6
2022-05-17,가구,부산,P2619,6232.08,7,38,여성,0,3.7
2022-05-18,의류,대구,P7868,7001.05,10,39,남성,1,3.7
2022-05-19,전자제품,수원,P2431,32490.28,4,28,남성,0,3.9
2022-05-20,의류,광주,P5713,769.68,5,17,여성,1,4.6
2022-05-21,전자제품,대전,P5998,85242.14,11,29,남성,0,3.3
2022-05-22,가구,대전,P1162,47554.18,5,34,여성,1,5.0
2022-05-23,가구,광주,P2974,1206.59,5,28,여성,0,2.8
2022-05-24,도서,울산,P4291,6116.01,5,22,남성,1,4.6
2022-05-25,의류,울산,P9461,17761.92,8,27,여성,1,5.0
2022-05-26,스포츠,서울,P1631,8233.25,9,45,여성,0,3.8
2022-05-27,도서,서울,P1905,561.28,7,42,여성,1,4.2
2022-05-28,의류,대구,P3014,16972.98,7,36,여성,1,3.0
2022-05-29,도서,인천,P8896,1607.5,4,40,남성,0,3.5
2022-05-30,스포츠,부산,P1204,14142.54,6,23,여성,0,5.0
2022-05-31,식품,서울,P1581,11251.11,7,27,여성,0,4.7
2022-06-01,식품,대전,P6675,1570.12,3,38,여성,1,4.4
2022-06-02,식품,대구,P6347,486.98,9,24,남성,0,2.1
2022-06-03,식품,부산,P3643,869.02,6,36,남성,0,3.3
2022-06-04,전자제품,대구,P9017,9182.29,5,22,남성,0,5.0
2022-06-05,식품,부산,P3297,1867.79,5,18,여성,0,4.4
2022-06-06,스포츠,부산,P1874,3597.52,3,42,남성,1,4.5
2022-06-07,가구,광주,P6560,7514.45,6,45,남성,1,4.2
2022-06-08,가구,서울,P1689,3330.52,6,28,남성,0,3.4
2022-06-09,전자제품,수원,P5000,17534.33,5,19,여성,0,4.3
2022-06-10,식품,대구,P1671,1429.65,3,15,남성,1,2.5
2022-06-11,식품,수원,P8927,81.57,5,53,남성,0,2.4
2022-06-12,식품,대구,P2171,1546.3,5,36,남성,0,3.3
2022-06-13,도서,광주,P6591,1894.95,2,28,여성,0,4.2
2022-06-14,의류,대전,P7342,2762.88,9,31,여성,0,2.4
2022-06-15,도서,수원,P2449,15014.59,5,15,남성,0,4.1
2022-06-16,의류,대전,P3539,15412.92,11,41,남성,1,3.0
2022-06-17,식품,울산,P4959,394.0,7,55,남성,0,3.1
2022-06-18,식품,서울,P7285,2720.8,4,27,여성,1,5.0
2022-06-19,도서,서울,P6432,6791.59,7,58,여성,0,4.0
2022-06-20,도서,인천,P5260,2227.47,5,33,남성,0,3.1
2022-06-21,의류,광주,P3361,8385.84,4,51,여성,1,4.2
2022-06-22,가구,대전,P7164,16349.98,3,38,남성,0,2.5
2022-06-23,의류,부산,P4670,722.19,4,38,여성,0,4.4
2022-06-24,도서,대구,P2753,1603.96,6,53,남성,0,5.0
2022-06-25,스포츠,서울,P9100,6075.85,4,42,여성,0,4.7
2022-06-26,도서,수원,P2938,8041.99,5,38,남성,1,5.0
2022-06-27,스포츠,대구,P9562,10720.03,4,15,여성,0,2.1
2022-06-28,전자제품,대구,P6976,14219.72,7,19,남성,1,4.1
2022-06-29,도서,인천,P7588,1745.58,6,39,남성,0,2.7
2022-06-30,전자제품,대전,P9616,53023.07,6,49,남성,0,3.8
2022-07-01,가구,서울,P7304,9482.73,5,36,남성,1,4.0
2022-07-02,의류,대구,P8345,2829.9,5,29,여성,1,5.0
2022-07-03,스포츠,서울,P8875,5742.8,7,16,남성,0,3.9
2022-07-04,의류,부산,P7633,14500.54,5,27,여성,0,3.9
2022-07-05,전자제품,인천,P1597,30912.05,7,36,여성,0,5.0
2022-07-06,스포츠,부산,P4062,7849.67,5,26,남성,0,3.9
2022-07-07,의류,서울,P3336,6804.44,6,25,남성,1,5.0
2022-07-08,도서,울산,P1572,1067.36,6,34,남성,1,4.7
2022-07-09,식품,수원,P8521,920.96,5,49,남성,0,4.8
2022-07-10,전자제품,서울,P7171,9575.73,6,41,여성,1,2.1
2022-07-11,의류,대전,P8097,4142.48,4,37,여성,0,5.0
2022-07-12,전자제품,대구,P3090,71074.97,5,36,여성,0,3.3
2022-07-13,전자제품,대구,P7566,6278.95,7,40,여성,0,4.0
2022-07-14,스포츠,부산,P5624,3697.23,7,33,남성,1,3.3
2022-07-15,스포츠,수원,P2633,2094.94,2,30,여성,1,3.0
2022-07-16,식품,인천,P2517,252.42,4,42,남성,0,2.8
2022-07-17,도서,울산,P4648,1515.6,5,32,남성,0,4.1
2022-07-18,전자제품,광주,P2537,9826.65,7,23,여성,1,2.0
2022-07-19,의류,수원,P4137,31752.42,5,49,여성,0,3.8
2022-07-20,가구,대구,P7985,8200.02,4,16,여성,0,5.0
2022-07-21,전자제품,대전,P1097,65678.24,15,50,여성,1,4.6
2022-07-22,전자제품,수원,P4750,47510.55,6,40,여성,1,4.4
2022-07-23,식품,부산,P9535,876.49,5,25,여성,0,3.1
2022-07-24,도서,부산,P9174,14815.56,6,35,남성,0,2.4
2022-07-25,가구,광주,P9103,14061.58,6,30,남성,0,5.0
2022-07-26,스포츠,대전,P6413,32462.31,8,43,남성,0,3.6
2022-07-27,스포츠,인천,P5666,28826.8,8,42,여성,1,3.9
2022-07-28,의류,수원,P1610,8079.49,8,39,남성,0,3.8
2022-07-29,가구,대전,P2727,22570.17,3,42,남성,1,4.7
2022-07-30,스포츠,인천,P2854,13220.8,6,33,남성,0,5.0
2022-07-31,의류,대전,P6055,1687.89,4,52,남성,0,5.0
2022-08-01,도서,대전,P3324,1866.65,8,47,남성,0,1.7
2022-08-02,의류,서울,P6774,15447.71,3,30,남성,1,3.7
2022-08-03,스포츠,부산,P7519,32292.91,7,43,여성,0,2.7
2022-08-04,식품,수원,P2749,511.04,5,42,여성,0,4.9
2022-08-05,식품,대전,P1781,1778.86,9,32,여성,0,4.0
2022-08-06,식품,수원,P8548,1216.33,6,31,남성,0,4.6
2022-08-07,스포츠,광주,P7823,6184.69,2,47,여성,0,3.6
2022-08-08,식품,대전,P3105,1486.93,3,34,여성,0,3.0
2022-08-09,가구,대구,P4867,12925.55,4,37,남성,0,3.1
2022-08-10,도서,부산,P8193,2970.69,7,49,여성,0,2.5
2022-08-11,의류,대구,P5976,21882.34,9,60,남성,0,2.7
2022-08-12,의류,수원,P3113,11314.48,5,29,여성,0,2.5
2022-08-13,스포츠,수원,P6879,9376.94,4,32,남성,0,3.0
2022-08-14,식품,부산,P4970,6640.72,7,35,남성,0,2.9
2022-08-15,식품,수원,P8264,3116.18,7,35,여성,0,4.4
2022-08-16,전자제품,대구,P2577,15577.19,9,38,남성,1,4.4
2022-08-17,도서,대전,P3274,504.93,7,30,여성,0,4.4
2022-08-18,가구,대전,P5869,3803.36,7,22,남성,0,5.0
2022-08-19,의류,서울,P7744,12961.97,6,52,여성,0,3.9
2022-08-20,전자제품,광주,P3426,9031.36,5,41,여성,1,3.2
2022-08-21,전자제품,수원,P6546,6179.54,6,30,남성,1,5.0
2022-08-22,스포츠,대구,P7852,3168.5,6,39,여성,0,4.9
2022-08-23,의류,수원,P3551,2546.29,7,53,여성,0,4.2
2022-08-24,스포츠,수원,P7411,15780.2,12,27,여성,0,4.1
2022-08-25,가구,인천,P1007,8630.24,9,37,남성,1,4.3
2022-08-26,전자제품,서울,P9087,4258.66,8,21,남성,1,3.8
2022-08-27,전자제품,대구,P3555,17303.19,8,33,여성,0,4.1
2022-08-28,도서,대구,P1475,2091.94,5,41,여성,1,4.5
2022-08-29,가구,수원,P6416,6214.31,9,23,남성,1,3.3
2022-08-30,전자제품,서울,P9676,53066.89,7,33,남성,0,2.4
2022-08-31,가구,대전,P8239,6570.54,3,42,여성,0,1.9
2022-09-01,의류,대구,P7710,15141.85,5,40,남성,0,4.9
2022-09-02,식품,대전,P6000,1813.49,1,23,남성,0,2.4
2022-09-03,전자제품,서울,P5654,41984.95,7,38,여성,1,4.5
2022-09-04,도서,대전,P9078,553.46,1,40,남성,0,2.8
2022-09-05,의류,부산,P7063,5489.5,8,36,남성,1,2.9
2022-09-06,가구,인천,P3285,9429.2,10,45,남성,1,3.3
2022-09-07,스포츠,울산,P6223,1597.07,8,29,여성,0,4.2
2022-09-08,의류,대구,P7971,14978.68,3,39,남성,0,2.7
2022-09-09,전자제품,광주,P4525,7295.46,5,23,여성,1,3.4
2022-09-10,가구,인천,P3822,5383.93,9,18,남성,1,4.0
2022-09-11,식품,울산,P5943,359.26,6,42,남성,1,2.8
2022-09-12,의류,대전,P7530,9969.1,6,35,여성,0,5.0
2022-09-13,전자제품,대구,P1258,3581.07,7,30,여성,0,2.3
2022-09-14,도서,대전,P1282,3053.34,3,24,여성,0,3.8
2022-09-15,스포츠,부산,P2898,18701.04,5,43,여성,1,5.0
2022-09-16,가구,서울,P5135,16880.7,8,19,남성,0,2.7
2022-09-17,의류,대구,P7629,10054.17,4,44,여성,1,3.9
2022-09-18,의류,울산,P4200,10532.56,7,39,여성,0,4.1
2022-09-19,식품,울산,P6110,381.24,3,20,여성,1,3.2
2022-09-20,식품,부산,P8167,4135.1,9,36,남성,0,3.9
2022-09-21,도서,부산,P1612,1035.88,11,61,남성,0,4.6
2022-09-22,스포츠,수원,P1687,6141.14,6,46,여성,0,3.5
2022-09-23,도서,대구,P4690,1176.21,5,26,여성,0,4.8
2022-09-24,전자제품,대전,P9804,26814.52,5,42,여성,0,4.4
2022-09-25,전자제품,광주,P3307,9576.38,9,20,여성,0,3.4
2022-09-26,도서,울산,P8133,1753.58,10,21,남성,0,5.0
